date,breadth,theme_score,theme_nav
2022-01-03,0,,1.0
2022-01-04,0,,1.0083
2022-01-05,0,,0.9911
2022-01-06,0,,0.9832
2022-01-07,0,,0.9926
2022-01-10,0,,0.9842
2022-01-11,0,,0.9966
2022-01-12,0,,1.002
2022-01-13,0,,1.002
2022-01-14,0,,1.0031
2022-01-17,0,,1.0009
2022-01-18,0,,0.9773
2022-01-19,0,,0.9601
2022-01-20,0,,0.936
2022-01-21,0,,0.9052
2022-01-24,0,,0.9034
2022-01-25,0,,0.8845
2022-01-26,0,,0.8828
2022-01-27,0,,0.8575
2022-01-28,0,,0.8626
2022-01-31,0,,0.8787
2022-02-01,0,,0.88
2022-02-02,0,,0.8919
2022-02-03,0,,0.8869
2022-02-04,0,,0.8857
2022-02-07,0,,0.8794
2022-02-08,0,,0.8955
2022-02-09,0,,0.9206
2022-02-10,0,,0.9351
2022-02-11,0,,0.9333
2022-02-14,0,,0.9269
2022-02-15,0,,0.9463
2022-02-16,0,,0.9587
2022-02-17,0,,0.9584
2022-02-18,0,,0.9421
2022-02-21,0,,0.9391
2022-02-22,0,,0.9243
2022-02-23,0,,0.9085
2022-02-24,0,,0.8965
2022-02-25,0,,0.9068
2022-02-28,0,,0.8966
2022-03-01,0,,0.8836
2022-03-02,0,,0.9136
2022-03-03,0,,0.9155
2022-03-04,0,,0.8767
2022-03-07,0,,0.8311
2022-03-08,0,,0.8269
2022-03-09,0,,0.8421
2022-03-10,0,,0.8357
2022-03-11,0,,0.8132
2022-03-14,0,,0.7988
2022-03-15,0,,0.808
2022-03-16,0,,0.8461
2022-03-17,0,,0.8671
2022-03-18,0,,0.8645
2022-03-21,0,,0.8542
2022-03-22,0,,0.8635
2022-03-23,0,,0.8501
2022-03-24,0,,0.858
2022-03-25,0,,0.8545
2022-03-28,0,,0.8586
2022-03-29,0,,0.8747
2022-03-30,0,,0.8625
2022-03-31,0,,0.8486
2022-04-01,0,,0.8335
2022-04-04,0,,0.844
2022-04-05,0,,0.8293
2022-04-06,0,,0.8176
2022-04-07,0,,0.8152
2022-04-08,0,,0.8063
2022-04-11,0,,0.8046
2022-04-12,0,,0.8029
2022-04-13,0,,0.8143
2022-04-14,0,,0.7926
2022-04-15,0,,0.7863
2022-04-18,0,,0.7953
2022-04-19,0,,0.8149
2022-04-20,0,,0.8188
2022-04-21,0,,0.8173
2022-04-22,0,,0.8031
2022-04-25,0,,0.8049
2022-04-26,0,,0.7955
2022-04-27,0,,0.7878
2022-04-28,0,,0.81
2022-04-29,0,,0.8197
2022-05-02,0,,0.8263
2022-05-03,0,,0.8578
2022-05-04,0,,0.8692
2022-05-05,0,,0.8565
2022-05-06,0,,0.8393
2022-05-09,0,,0.8205
2022-05-10,0,,0.83
2022-05-11,0,,0.8192
2022-05-12,0,,0.8155
2022-05-13,0,,0.8504
2022-05-16,0,,0.8397
2022-05-17,0,,0.8715
2022-05-18,0,,0.8576
2022-05-19,0,,0.842
2022-05-20,0,,0.8406
2022-05-23,0,,0.8453
2022-05-24,0,,0.8207
2022-05-25,0,,0.8324
2022-05-26,0,,0.8351
2022-05-27,0,,0.8566
2022-05-30,0,,0.8624
2022-05-31,0,,0.8596
2022-06-01,0,,0.8573
2022-06-02,0,,0.8643
2022-06-03,0,,0.8426
2022-06-06,0,,0.8429
2022-06-07,0,,0.8359
2022-06-08,0,,0.8242
2022-06-09,0,,0.8108
2022-06-10,0,,0.783
2022-06-13,0,,0.7442
2022-06-14,0,,0.7392
2022-06-15,0,,0.7374
2022-06-16,0,,0.7109
2022-06-17,0,,0.7083
2022-06-20,0,,0.7015
2022-06-21,0,,0.7061
2022-06-22,0,,0.6927
2022-06-23,0,,0.6895
2022-06-24,0,,0.7063
2022-06-27,0,,0.717
2022-06-28,0,,0.7134
2022-06-29,0,,0.696
2022-06-30,0,,0.6829
2022-07-01,0,,0.6636
2022-07-04,0,,0.6693
2022-07-05,0,,0.687
2022-07-06,0,,0.6857
2022-07-07,0,,0.7032
2022-07-08,0,,0.7087
2022-07-11,0,,0.7014
2022-07-12,0,,0.7074
2022-07-13,0,,0.7086
2022-07-14,0,,0.7074
2022-07-15,0,,0.7358
2022-07-18,0,,0.7407
2022-07-19,0,,0.7484
2022-07-20,0,,0.7576
2022-07-21,0,,0.7668
2022-07-22,0,,0.7413
2022-07-25,0,,0.7357
2022-07-26,0,,0.7374
2022-07-27,0,,0.7495
2022-07-28,0,,0.7503
2022-07-29,0,,0.7468
2022-08-01,0,,0.7471
2022-08-02,0,,0.7445
2022-08-03,0,,0.754
2022-08-04,0,,0.7584
2022-08-05,0,,0.7426
2022-08-08,0,,0.7353
2022-08-09,0,,0.7188
2022-08-10,0,,0.722
2022-08-11,0,,0.7354
2022-08-12,0,,0.7503
2022-08-15,0,,0.7454
2022-08-16,0,,0.7509
2022-08-17,0,,0.7393
2022-08-18,0,,0.746
2022-08-19,0,,0.7343
2022-08-22,0,,0.7164
2022-08-23,0,,0.7085
2022-08-24,0,,0.7102
2022-08-25,0,,0.7294
2022-08-26,0,,0.7124
2022-08-29,0,,0.6986
2022-08-30,0,,0.6928
2022-08-31,0,,0.6955
2022-09-01,0,,0.6879
2022-09-02,0,,0.6796
2022-09-05,0,,0.6773
2022-09-06,0,,0.6726
2022-09-07,0,,0.668
2022-09-08,0,,0.6719
2022-09-09,0,,0.6836
2022-09-12,0,,0.683
2022-09-13,0,,0.6707
2022-09-14,0,,0.6579
2022-09-15,0,,0.6502
2022-09-16,0,,0.6474
2022-09-19,0,,0.641
2022-09-20,0,,0.627
2022-09-21,0,,0.6201
2022-09-22,0,,0.6084
2022-09-23,0,,0.6057
2022-09-26,0,,0.5921
2022-09-27,0,,0.5986
2022-09-28,0,,0.5968
2022-09-29,0,,0.5879
2022-09-30,0,,0.5955
2022-10-03,0,,0.6071
2022-10-04,0,,0.6361
2022-10-05,0,,0.6504
2022-10-06,0,,0.6507
2022-10-07,0,,0.6419
2022-10-10,0,,0.6324
2022-10-11,0,,0.6363
2022-10-12,0,,0.6388
2022-10-13,0,,0.6488
2022-10-14,0,,0.6404
2022-10-17,0,,0.6439
2022-10-18,0,,0.6405
2022-10-19,0,,0.6339
2022-10-20,0,,0.631
2022-10-21,0,,0.6461
2022-10-24,0,,0.6539
2022-10-25,0,,0.6581
2022-10-26,0,,0.6624
2022-10-27,0,,0.6417
2022-10-28,0,,0.635
2022-10-31,0,,0.6346
2022-11-01,0,,0.6469
2022-11-02,0,,0.6378
2022-11-03,0,,0.6294
2022-11-04,0,,0.6493
2022-11-07,0,,0.6619
2022-11-08,0,,0.6708
2022-11-09,0,,0.6599
2022-11-10,0,,0.6844
2022-11-11,0,,0.7154
2022-11-14,0,,0.7048
2022-11-15,0,,0.7107
2022-11-16,0,,0.6858
2022-11-17,0,,0.6752
2022-11-18,0,,0.6788
2022-11-21,0,,0.6653
2022-11-22,0,,0.6666
2022-11-23,0,,0.6721
2022-11-24,0,,0.6766
2022-11-25,0,,0.672
2022-11-28,0,,0.6524
2022-11-29,0,,0.6527
2022-11-30,0,,0.6703
2022-12-01,0,,0.6604
2022-12-02,0,,0.6449
2022-12-05,0,,0.638
2022-12-06,0,,0.6299
2022-12-07,0,,0.6266
2022-12-08,0,,0.6362
2022-12-09,0,,0.6461
2022-12-12,0,,0.6466
2022-12-13,0,,0.6496
2022-12-14,0,,0.6468
2022-12-15,0,,0.6165
2022-12-16,0,,0.6124
2022-12-19,0,,0.6107
2022-12-20,0,,0.6065
2022-12-21,0,,0.6025
2022-12-22,0,,0.599
2022-12-23,0,,0.5959
2022-12-26,0,,0.5938
2022-12-27,0,,0.5966
2022-12-28,0,,0.5836
2022-12-29,0,,0.5894
2022-12-30,0,,0.5874
2023-01-02,0,,0.5893
2023-01-03,0,,0.5893
2023-01-04,0,,0.6251
2023-01-05,0,,0.6387
2023-01-06,0,,0.6591
2023-01-09,0,,0.6703
2023-01-10,0,,0.6755
2023-01-11,0,,0.681
2023-01-12,0,,0.6756
2023-01-13,0,,0.67
2023-01-16,0,,0.6711
2023-01-17,0,,0.6714
2023-01-18,0,,0.6677
2023-01-19,0,,0.6714
2023-01-20,0,,0.6867
2023-01-23,0,,0.7114
2023-01-24,0,,0.7068
2023-01-25,0,,0.7208
2023-01-26,0,,0.7384
2023-01-27,0,57.2457,0.747
2023-01-30,0,53.1378,0.7323
2023-01-31,0,54.6618,0.7158
2023-02-01,0,55.5532,0.7283
2023-02-02,0,51.1801,0.7442
2023-02-03,0,53.742,0.7349
2023-02-06,0,52.8302,0.711
2023-02-07,0,53.58,0.7251
2023-02-08,0,52.3054,0.7299
2023-02-09,0,52.4369,0.7253
2023-02-10,0,51.7039,0.7263
2023-02-13,0,51.7982,0.722
2023-02-14,0,54.1772,0.7368
2023-02-15,0,55.4931,0.73
2023-02-16,0,56.4601,0.7269
2023-02-17,0,56.2826,0.7146
2023-02-20,0,56.0822,0.7159
2023-02-21,0,48.6973,0.7008
2023-02-22,0,46.1378,0.6899
2023-02-23,0,50.185,0.7057
2023-02-24,0,48.3043,0.6958
2023-02-27,0,46.4125,0.6881
2023-02-28,0,41.0436,0.6869
2023-03-01,0,40.4216,0.6838
2023-03-02,0,39.3478,0.6804
2023-03-03,0,36.1469,0.68
2023-03-06,0,35.3622,0.684
2023-03-07,0,31.791,0.6743
2023-03-08,0,29.2756,0.6759
2023-03-09,0,24.7059,0.6655
2023-03-10,0,27.214,0.6528
2023-03-13,0,30.0578,0.6498
2023-03-14,0,29.9119,0.6419
2023-03-15,0,28.8862,0.6356
2023-03-16,0,31.0972,0.6472
2023-03-17,0,37.2562,0.6603
2023-03-20,0,37.8971,0.6602
2023-03-21,0,38.4962,0.6643
2023-03-22,0,39.6279,0.6682
2023-03-23,0,45.8086,0.6864
2023-03-24,0,43.8784,0.6854
2023-03-27,0,44.0006,0.6754
2023-03-28,0,48.953,0.679
2023-03-29,0,52.4418,0.6975
2023-03-30,0,54.6259,0.7047
2023-03-31,0,54.1307,0.7007
2023-04-03,0,52.6788,0.6912
2023-04-04,0,51.7788,0.6746
2023-04-05,0,51.145,0.6707
2023-04-06,0,50.5165,0.6699
2023-04-07,0,57.5412,0.6877
2023-04-10,0,66.1734,0.7206
2023-04-11,0,66.1284,0.7258
2023-04-12,0,65.6765,0.7167
2023-04-13,0,65.3626,0.7115
2023-04-14,0,63.1021,0.7022
2023-04-17,0,63.7207,0.7037
2023-04-18,0,61.97,0.6995
2023-04-19,0,59.5128,0.6914
2023-04-20,0,57.7727,0.6857
2023-04-21,0,57.0738,0.6892
2023-04-24,0,53.8388,0.6769
2023-04-25,0,50.8011,0.6614
2023-04-26,0,57.4159,0.6776
2023-04-27,0,56.8443,0.6845
2023-04-28,0,61.4085,0.7038
2023-05-01,0,59.8871,0.6963
2023-05-02,0,59.5311,0.694
2023-05-03,0,58.0453,0.6874
2023-05-04,0,56.1383,0.6834
2023-05-05,0,56.8014,0.6875
2023-05-08,0,52.0798,0.6924
2023-05-09,0,47.1795,0.6853
2023-05-10,0,43.8636,0.6764
2023-05-11,0,42.1406,0.677
2023-05-12,0,41.2571,0.6791
2023-05-15,0,51.0739,0.7081
2023-05-16,0,53.3523,0.7156
2023-05-17,0,54.9187,0.7226
2023-05-18,0,60.2217,0.7453
2023-05-19,0,63.5953,0.7585
2023-05-22,0,64.1792,0.7554
2023-05-23,0,63.2025,0.7511
2023-05-24,0,61.6404,0.7496
2023-05-25,0,63.3536,0.7734
2023-05-26,0,69.0021,0.8097
2023-05-30,0,70.568,0.8126
2023-05-31,0,72.7692,0.7909
2023-06-01,1,73.2143,0.7964
2023-06-02,1,74.121,0.8067
2023-06-05,1,73.9025,0.7921
2023-06-06,1,73.9556,0.7939
2023-06-07,1,73.9062,0.792
2023-06-08,1,73.2272,0.7901
2023-06-09,1,73.5695,0.8022
2023-06-12,1,73.7774,0.8072
2023-06-13,1,70.5505,0.8209
2023-06-14,1,71.3659,0.8226
2023-06-15,1,70.7657,0.824
2023-06-16,1,69.5298,0.8182
2023-06-19,1,69.1391,0.8094
2023-06-20,1,66.1261,0.8033
2023-06-21,1,64.4774,0.7921
2023-06-22,1,65.0913,0.7935
2023-06-23,1,65.2055,0.7882
2023-06-26,0,62.7962,0.7892
2023-06-27,0,60.2376,0.7963
2023-06-28,0,57.6108,0.7978
2023-06-29,0,55.116,0.7908
2023-06-30,0,53.9046,0.7866
2023-07-03,0,55.8902,0.7983
2023-07-04,0,55.3601,0.7988
2023-07-05,0,53.0316,0.7839
2023-07-06,0,50.0225,0.7738
2023-07-07,0,46.9966,0.7655
2023-07-10,0,47.3526,0.7687
2023-07-11,0,51.2565,0.7855
2023-07-12,0,52.4436,0.791
2023-07-13,0,52.2362,0.7959
2023-07-14,0,55.6482,0.807
2023-07-17,0,55.6932,0.8061
2023-07-18,0,53.5241,0.7994
2023-07-19,0,53.1514,0.8005
2023-07-20,0,51.6594,0.7934
2023-07-21,0,52.5322,0.7914
2023-07-24,0,52.0234,0.7925
2023-07-25,0,51.084,0.7895
2023-07-26,0,50.2097,0.7946
2023-07-27,1,68.6137,0.8445
2023-07-28,1,67.966,0.8502
2023-07-31,1,67.4438,0.8434
2023-08-01,1,69.4752,0.8499
2023-08-02,1,66.2793,0.8268
2023-08-03,1,66.1526,0.8316
2023-08-04,1,65.1829,0.8334
2023-08-07,1,65.0409,0.8358
2023-08-08,0,62.327,0.8205
2023-08-09,0,63.165,0.8187
2023-08-10,0,60.0396,0.81
2023-08-11,0,56.0364,0.7985
2023-08-14,0,58.3524,0.8128
2023-08-15,0,55.5646,0.7966
2023-08-16,0,54.2044,0.7908
2023-08-17,0,52.7852,0.7856
2023-08-18,0,52.4546,0.7859
2023-08-21,0,52.7888,0.7898
2023-08-22,0,51.906,0.7884
2023-08-23,0,52.4017,0.7977
2023-08-24,0,49.622,0.799
2023-08-25,0,40.1809,0.7867
2023-08-28,0,40.5419,0.7993
2023-08-29,0,41.1602,0.8088
2023-08-30,0,43.4884,0.8201
2023-08-31,0,46.9052,0.8411
2023-09-01,0,53.7936,0.8568
2023-09-04,0,54.2454,0.8559
2023-09-05,0,54.5007,0.8537
2023-09-06,0,52.2143,0.8482
2023-09-07,0,49.7623,0.8389
2023-09-08,0,48.7145,0.8312
2023-09-11,0,49.4282,0.8336
2023-09-12,0,49.421,0.832
2023-09-13,0,52.0612,0.8426
2023-09-14,0,56.1246,0.8566
2023-09-15,0,56.0461,0.8517
2023-09-18,0,55.0145,0.8426
2023-09-19,0,55.2639,0.8437
2023-09-20,0,56.2242,0.8462
2023-09-21,0,52.3145,0.8304
2023-09-22,0,53.3906,0.8377
2023-09-25,0,54.3356,0.8357
2023-09-26,0,52.3724,0.8261
2023-09-27,0,52.443,0.8272
2023-09-28,0,51.8859,0.8238
2023-09-29,0,52.347,0.832
2023-10-02,0,51.9505,0.831
2023-10-03,0,49.9722,0.8277
2023-10-04,0,49.9474,0.8292
2023-10-05,0,50.0707,0.842
2023-10-06,0,49.5704,0.8443
2023-10-09,0,48.4521,0.8383
2023-10-10,0,48.086,0.8365
2023-10-11,0,51.989,0.8499
2023-10-12,0,53.9955,0.8561
2023-10-13,0,51.9496,0.8528
2023-10-16,0,50.4092,0.8495
2023-10-17,0,54.2668,0.8585
2023-10-18,0,54.3062,0.8638
2023-10-19,0,51.068,0.8418
2023-10-20,0,48.9024,0.8386
2023-10-23,0,47.3492,0.8275
2023-10-24,0,50.4207,0.8419
2023-10-25,0,49.12,0.8328
2023-10-26,0,49.4917,0.7911
2023-10-27,0,50.0966,0.7985
2023-10-30,0,53.6078,0.8142
2023-10-31,0,52.4123,0.8027
2023-11-01,0,60.3646,0.8302
2023-11-02,0,64.6376,0.8474
2023-11-03,0,66.1272,0.8586
2023-11-06,1,69.2078,0.8767
2023-11-07,0,67.5283,0.8717
2023-11-08,0,66.1925,0.8632
2023-11-09,0,67.8019,0.8736
2023-11-10,0,70.177,0.8878
2023-11-13,1,70.2518,0.8889
2023-11-14,0,70.1328,0.8976
2023-11-15,1,72.256,0.9098
2023-11-16,0,70.5007,0.9072
2023-11-17,0,70.6859,0.9078
2023-11-20,1,71.2429,0.9177
2023-11-21,0,69.7012,0.9081
2023-11-22,0,69.1584,0.9113
2023-11-23,0,66.1054,0.908
2023-11-24,0,59.9269,0.9
2023-11-27,0,60.3918,0.9083
2023-11-28,0,60.2738,0.9083
2023-11-29,0,59.2488,0.9104
2023-11-30,0,56.6489,0.9199
2023-12-01,0,55.6658,0.9149
2023-12-04,0,51.9166,0.905
2023-12-05,0,51.2523,0.8865
2023-12-06,0,50.5615,0.886
2023-12-07,0,50.694,0.8893
2023-12-08,0,54.1518,0.9026
2023-12-11,0,57.9458,0.9214
2023-12-12,0,59.5384,0.9296
2023-12-13,0,57.8441,0.9364
2023-12-14,0,61.1507,0.9575
2023-12-15,0,61.3522,0.9595
2023-12-18,0,61.5024,0.9579
2023-12-19,0,61.9148,0.9602
2023-12-20,0,61.2925,0.9514
2023-12-21,0,67.6627,0.9869
2023-12-22,0,68.0411,0.9942
2023-12-26,0,68.4133,0.9992
2023-12-27,0,68.4947,1.0001
2023-12-28,0,69.4194,1.0042
2023-12-29,0,68.3133,0.9996
2024-01-02,0,66.6372,0.9887
2024-01-03,0,66.7406,0.9681
2024-01-04,0,66.4932,0.966
2024-01-05,0,64.1077,0.9702
2024-01-08,0,63.6958,0.9723
2024-01-09,0,62.8106,0.9608
2024-01-10,0,60.0504,0.9529
2024-01-11,0,60.5884,0.9594
2024-01-12,0,57.2503,0.95
2024-01-15,0,57.4775,0.9526
2024-01-16,0,57.6515,0.9619
2024-01-17,0,55.6512,0.9512
2024-01-18,0,61.2643,0.973
2024-01-19,0,69.3515,1.0056
2024-01-22,0,69.9115,1.0244
2024-01-23,0,67.4747,1.0199
2024-01-24,0,66.8574,1.02
2024-01-25,0,67.2827,1.0263
2024-01-26,0,66.1936,1.0091
2024-01-29,0,66.6035,1.0202
2024-01-30,0,64.9581,1.0081
2024-01-31,0,61.3776,0.9937
2024-02-01,0,59.6118,0.9933
2024-02-02,0,63.141,1.0086
2024-02-05,0,61.9205,1.0035
2024-02-06,0,63.1865,1.0077
2024-02-07,0,62.236,1.0093
2024-02-08,0,62.5354,1.0106
2024-02-09,0,62.6754,1.0113
2024-02-12,0,62.5348,1.0139
2024-02-13,0,62.2856,1.0094
2024-02-14,0,61.2018,1.0075
2024-02-15,0,60.0124,1.0031
2024-02-16,0,56.4504,0.9837
2024-02-19,0,57.5998,0.9946
2024-02-20,0,53.9779,0.9945
2024-02-21,0,51.2368,0.9915
2024-02-22,0,59.7151,1.0285
2024-02-23,0,59.2868,1.0378
2024-02-26,0,61.7676,1.0532
2024-02-27,0,62.7115,1.0494
2024-02-28,0,61.5575,1.0515
2024-02-29,0,63.3568,1.061
2024-03-01,0,68.3559,1.0959
2024-03-04,1,72.1397,1.1214
2024-03-05,1,70.3236,1.1083
2024-03-06,1,69.721,1.1089
2024-03-07,1,68.9559,1.1178
2024-03-08,1,69.5147,1.1245
2024-03-11,1,68.2693,1.0992
2024-03-12,1,69.5036,1.1137
2024-03-13,0,66.9368,1.1017
2024-03-14,0,67.1982,1.0842
2024-03-15,0,65.5544,1.0766
2024-03-18,0,65.4544,1.083
2024-03-19,0,65.1226,1.0792
2024-03-20,0,71.6225,1.0987
2024-03-21,3,80.9863,1.1834
2024-03-22,3,80.5087,1.1835
2024-03-25,2,80.0442,1.2036
2024-03-26,3,83.2432,1.2419
2024-03-27,2,83.2044,1.2484
2024-03-28,3,83.2525,1.2464
2024-03-29,3,83.8196,1.2609
2024-04-01,3,83.379,1.2929
2024-04-02,3,83.5498,1.2929
2024-04-03,3,83.181,1.3041
2024-04-04,3,83.3327,1.3099
2024-04-05,3,82.9349,1.3083
2024-04-08,3,82.9129,1.3031
2024-04-09,3,82.0777,1.3005
2024-04-10,3,82.0215,1.2975
2024-04-11,3,82.8078,1.3307
2024-04-12,3,81.9139,1.3061
2024-04-15,3,80.9443,1.2912
2024-04-16,2,79.3065,1.2709
2024-04-17,1,77.6215,1.2476
2024-04-18,2,75.7038,1.2367
2024-04-19,0,68.2658,1.1891
2024-04-22,0,65.5589,1.1915
2024-04-23,0,67.8926,1.21
2024-04-24,0,71.331,1.2345
2024-04-25,0,67.0414,1.2087
2024-04-26,0,70.3901,1.2402
2024-04-29,0,68.1533,1.229
2024-04-30,0,68.2421,1.2298
2024-05-01,0,65.6374,1.2195
2024-05-02,0,65.4916,1.2243
2024-05-03,0,66.2715,1.2339
2024-05-06,0,68.5692,1.2557
2024-05-07,0,72.7383,1.2751
2024-05-08,0,71.7274,1.275
2024-05-09,0,68.629,1.2602
2024-05-10,0,69.169,1.2734
2024-05-13,0,67.1356,1.2789
2024-05-14,0,69.4617,1.2974
2024-05-15,0,69.8935,1.3146
2024-05-16,0,69.5374,1.3212
2024-05-17,0,65.5812,1.2969
2024-05-20,0,67.574,1.3174
2024-05-21,0,66.4504,1.3191
2024-05-22,0,63.1371,1.3207
2024-05-23,0,63.5507,1.3298
2024-05-24,0,62.4104,1.3287
2024-05-27,0,62.8063,1.3392
2024-05-28,0,61.813,1.3568
2024-05-29,0,59.996,1.3493
2024-05-30,0,57.5207,1.3084
2024-05-31,0,55.8046,1.2932
2024-06-03,0,58.358,1.3183
2024-06-04,0,56.6462,1.3065
2024-06-05,0,62.2977,1.3476
2024-06-06,0,60.5215,1.3312
2024-06-07,0,64.0511,1.3555
2024-06-10,0,65.5137,1.369
2024-06-11,0,64.8675,1.3722
2024-06-12,0,68.1352,1.4085
2024-06-13,0,71.0668,1.4374
2024-06-14,0,71.3283,1.4293
2024-06-17,0,69.9235,1.4501
2024-06-18,0,72.6492,1.4921
2024-06-19,0,72.6809,1.4971
2024-06-20,0,70.6715,1.4644
2024-06-21,0,68.2935,1.4375
2024-06-24,0,67.8722,1.4202
2024-06-25,0,68.1582,1.4365
2024-06-26,0,68.3674,1.4545
2024-06-27,1,65.7039,1.4348
2024-06-28,0,61.4748,1.4285
2024-07-01,0,60.4912,1.4311
2024-07-02,0,60.028,1.4365
2024-07-03,0,61.7703,1.453
2024-07-04,0,63.4465,1.4562
2024-07-05,0,62.3238,1.4597
2024-07-08,0,61.081,1.4608
2024-07-09,0,61.0382,1.4712
2024-07-10,0,64.6188,1.4952
2024-07-11,0,61.4013,1.4694
2024-07-12,0,60.5499,1.4576
2024-07-15,0,61.3934,1.4557
2024-07-16,0,60.2799,1.4471
2024-07-17,0,59.5373,1.3762
2024-07-18,0,57.1806,1.3512
2024-07-19,0,54.5776,1.3255
2024-07-22,0,54.0917,1.3312
2024-07-23,0,53.367,1.3314
2024-07-24,0,50.5188,1.3136
2024-07-25,0,50.5189,1.2445
2024-07-26,0,52.457,1.2633
2024-07-29,0,52.5516,1.2578
2024-07-30,0,51.6592,1.2154
2024-07-31,0,59.1324,1.2756
2024-08-01,0,55.4962,1.2153
2024-08-02,0,52.6722,1.128
2024-08-05,0,49.3085,1.063
2024-08-06,0,50.0761,1.0776
2024-08-07,0,50.2776,1.0831
2024-08-08,0,50.1549,1.0985
2024-08-09,0,50.9446,1.1233
2024-08-12,0,51.7937,1.1432
2024-08-13,0,52.637,1.1676
2024-08-14,0,52.8708,1.1881
2024-08-15,0,53.5754,1.217
2024-08-16,0,57.0849,1.2556
2024-08-19,0,54.6438,1.2461
2024-08-20,0,56.1629,1.2527
2024-08-21,0,54.5695,1.2431
2024-08-22,0,53.0462,1.2243
2024-08-23,0,52.1489,1.2103
2024-08-26,0,51.0545,1.1751
2024-08-27,0,50.4108,1.164
2024-08-28,0,49.0822,1.1626
2024-08-29,0,44.9946,1.1429
2024-08-30,0,43.2213,1.1644
2024-09-02,0,42.0722,1.1653
2024-09-03,0,39.5484,1.1139
2024-09-04,0,36.9319,1.0837
2024-09-05,0,35.0574,1.0867
2024-09-06,0,33.8402,1.0641
2024-09-09,0,35.0033,1.0674
2024-09-10,0,34.7228,1.0623
2024-09-11,0,35.0648,1.0738
2024-09-12,0,35.0225,1.0889
2024-09-13,0,32.917,1.0916
2024-09-16,0,32.9172,1.0756
2024-09-17,0,33.7067,1.0879
2024-09-18,0,33.3737,1.0776
2024-09-19,0,33.472,1.068
2024-09-20,0,34.9516,1.0832
2024-09-23,0,35.9001,1.096
2024-09-24,0,36.6385,1.1031
2024-09-25,0,37.6895,1.1051
2024-09-26,0,53.8136,1.2016
2024-09-27,0,53.9046,1.1932
2024-09-30,0,51.2968,1.1503
2024-10-01,0,48.6203,1.1345
2024-10-02,0,48.2691,1.1223
2024-10-03,0,48.9972,1.1281
2024-10-04,0,48.9124,1.1334
2024-10-07,0,50.7763,1.1551
2024-10-08,0,48.7063,1.1388
2024-10-09,0,48.091,1.1292
2024-10-10,0,50.5356,1.1456
2024-10-11,0,50.9792,1.1535
2024-10-14,0,52.9486,1.1756
2024-10-15,0,51.9076,1.1747
2024-10-16,0,52.7587,1.1786
2024-10-17,0,53.5736,1.1967
2024-10-18,0,52.5166,1.1771
2024-10-21,0,52.5004,1.1772
2024-10-22,0,52.0661,1.1648
2024-10-23,0,50.8297,1.1721
2024-10-24,0,45.5857,1.1668
2024-10-25,0,50.423,1.1839
2024-10-28,0,51.2164,1.1852
2024-10-29,0,46.0844,1.1832
2024-10-30,0,44.1316,1.1713
2024-10-31,0,40.3361,1.1388
2024-11-01,0,38.0678,1.1309
2024-11-04,0,40.6152,1.154
2024-11-05,0,43.6833,1.1652
2024-11-06,0,49.829,1.1985
2024-11-07,0,49.3069,1.2085
2024-11-08,0,46.5974,1.203
2024-11-11,0,43.7518,1.1622
2024-11-12,0,41.0292,1.1145
2024-11-13,0,38.8431,1.081
2024-11-14,0,36.6567,1.0627
2024-11-15,0,37.7489,1.0805
2024-11-18,0,38.4876,1.0978
2024-11-19,0,38.7015,1.0977
2024-11-20,0,39.0991,1.0885
2024-11-21,0,42.043,1.1119
2024-11-22,0,41.5148,1.1249
2024-11-25,0,45.3954,1.1527
2024-11-26,0,49.0959,1.1624
2024-11-27,0,46.7054,1.1216
2024-11-28,0,45.2963,1.1057
2024-11-29,0,45.8089,1.1022
2024-12-02,0,45.7245,1.1006
2024-12-03,0,45.1344,1.1082
2024-12-04,0,46.9647,1.1227
2024-12-05,0,45.9596,1.127
2024-12-06,0,44.5947,1.1163
2024-12-09,0,44.1372,1.1189
2024-12-10,0,41.3236,1.1041
2024-12-11,0,40.4854,1.1218
2024-12-12,0,38.4574,1.1125
2024-12-13,0,38.1167,1.121
2024-12-16,0,40.9391,1.1411
2024-12-17,0,41.2821,1.1394
2024-12-18,0,39.8742,1.1251
2024-12-19,0,39.4282,1.04
2024-12-20,0,38.3223,1.0416
2024-12-23,0,38.3675,1.0503
2024-12-24,0,37.0579,1.0523
2024-12-26,0,34.595,1.0526
2024-12-27,0,33.4103,1.0521
2024-12-30,0,32.6396,1.0342
2024-12-31,0,32.3725,1.0308
2025-01-02,0,33.6169,1.0471
2025-01-03,0,39.2764,1.0853
2025-01-06,0,49.455,1.1545
2025-01-07,0,48.3613,1.1493
2025-01-08,0,49.3992,1.1481
2025-01-09,0,50.0803,1.1572
2025-01-10,0,48.2421,1.1452
2025-01-13,0,45.5273,1.1101
2025-01-14,0,44.3172,1.12
2025-01-15,0,48.2838,1.1487
2025-01-16,0,50.0893,1.1657
2025-01-17,0,51.789,1.1813
2025-01-20,0,50.6617,1.1762
2025-01-21,0,52.6344,1.2059
2025-01-22,0,51.6168,1.2258
2025-01-23,0,47.4075,1.2021
2025-01-24,0,46.79,1.1939
2025-01-27,0,45.2847,1.1456
2025-01-28,0,45.3488,1.1298
2025-01-29,0,46.0293,1.132
2025-01-30,0,46.808,1.1565
2025-01-31,0,46.1399,1.1142
2025-02-03,0,45.0648,1.0881
2025-02-04,0,45.9956,1.0971
2025-02-05,0,47.2139,1.122
2025-02-06,0,48.5976,1.1362
2025-02-07,0,46.2897,1.1271
2025-02-10,0,51.85,1.1614
2025-02-11,0,51.0993,1.1581
2025-02-12,0,50.2064,1.1432
2025-02-13,0,54.2421,1.1706
2025-02-14,0,57.5387,1.1892
2025-02-17,0,58.0336,1.192
2025-02-18,0,62.543,1.2316
2025-02-19,0,61.7596,1.2446
2025-02-20,0,60.6552,1.2293
2025-02-21,0,56.7882,1.2005
2025-02-24,0,48.7706,1.093
2025-02-25,0,45.515,1.0811
2025-02-26,0,45.9558,1.0896
2025-02-27,0,43.4094,1.0561
2025-02-28,0,39.2312,1.0551
2025-03-03,0,38.4412,1.0554
2025-03-04,0,36.8857,1.0349
2025-03-05,0,36.7456,1.045
2025-03-06,0,35.6082,1.0127
2025-03-07,0,34.6762,1.0396
2025-03-10,0,33.356,1.024
2025-03-11,0,31.8165,1.0312
2025-03-12,0,38.574,1.0626
2025-03-13,0,38.52,1.048
2025-03-14,0,41.1946,1.1062
2025-03-17,0,46.5912,1.129
2025-03-18,0,43.5069,1.1238
2025-03-19,0,45.0582,1.1333
2025-03-20,0,48.7835,1.1445
2025-03-21,0,47.3269,1.1242
2025-03-24,0,47.1769,1.1203
2025-03-25,0,44.566,1.0996
2025-03-26,0,45.5282,1.1049
2025-03-27,0,43.9354,1.0942
2025-03-28,0,42.1456,1.0509
2025-03-31,0,39.6833,1.023
2025-04-01,0,40.6293,1.042
2025-04-02,0,40.843,1.0454
2025-04-03,0,40.6563,0.9245
2025-04-04,0,39.4079,0.8251
2025-04-07,0,35.8728,0.8209
2025-04-08,0,36.5427,0.8263
2025-04-09,0,37.0696,0.898
2025-04-10,0,39.4932,0.8772
2025-04-11,0,37.9587,0.8726
2025-04-14,0,39.6964,0.8947
2025-04-15,0,39.7912,0.8952
2025-04-16,0,36.9996,0.8704
2025-04-17,0,36.6233,0.8716
2025-04-18,0,36.2422,0.8723
2025-04-21,0,36.0548,0.8581
2025-04-22,0,35.6502,0.8654
2025-04-23,0,37.2982,0.8906
2025-04-24,0,38.4858,0.9219
2025-04-25,0,39.5348,0.9398
2025-04-28,0,39.6255,0.9321
2025-04-29,0,39.7042,0.9295
2025-04-30,0,40.0139,0.9354
2025-05-01,0,40.7462,0.9406
2025-05-02,0,40.675,0.9662
2025-05-05,0,40.1991,0.9682
2025-05-06,0,39.6146,0.9608
2025-05-07,0,38.8083,0.9784
2025-05-08,0,33.931,0.9934
2025-05-09,0,30.9238,1.0005
2025-05-12,0,41.051,1.0608
2025-05-13,0,39.416,1.0875
2025-05-14,0,43.9544,1.0945
2025-05-15,0,43.0156,1.0838
2025-05-16,0,43.4506,1.0925
2025-05-19,0,40.5007,1.0789
2025-05-20,0,41.0734,1.0883
2025-05-21,0,41.254,1.0675
2025-05-22,0,38.3088,1.0548
2025-05-23,0,39.0001,1.0513
2025-05-26,0,39.6618,1.0564
2025-05-27,0,39.7832,1.0716
2025-05-28,0,44.1788,1.0894
2025-05-29,0,46.1379,1.0967
2025-05-30,0,45.1052,1.0747
2025-06-02,0,47.7305,1.0892
2025-06-03,0,48.6539,1.1125
2025-06-04,0,52.7784,1.1388
2025-06-05,0,55.977,1.1566
2025-06-06,0,55.6563,1.1634
2025-06-09,0,57.6513,1.1984
2025-06-10,0,55.3234,1.1986
2025-06-11,0,53.5635,1.2062
2025-06-12,0,51.2795,1.2073
2025-06-13,0,50.0526,1.2079
2025-06-16,0,50.2408,1.2422
2025-06-17,0,52.8111,1.2525
2025-06-18,0,53.9578,1.2774
2025-06-19,0,53.1161,1.2743
2025-06-20,0,53.4975,1.2909
2025-06-23,0,53.171,1.2906
2025-06-24,0,59.6416,1.3423
2025-06-25,0,60.1785,1.3532
2025-06-26,0,60.8574,1.3576
2025-06-27,0,62.1122,1.3467
2025-06-30,0,61.9172,1.3393
2025-07-01,0,61.6676,1.327
2025-07-02,0,61.3638,1.341
2025-07-03,0,63.6166,1.3573
2025-07-04,0,63.423,1.3474
2025-07-07,0,63.3607,1.3254
2025-07-08,0,63.3526,1.3455
2025-07-09,0,61.9527,1.3383
2025-07-10,0,62.2786,1.3641
2025-07-11,0,63.5836,1.3717
2025-07-14,0,62.5825,1.3451
2025-07-15,0,63.0419,1.3563
2025-07-16,0,61.9998,1.3373
2025-07-17,0,61.7524,1.3173
2025-07-18,0,62.1435,1.3292
2025-07-21,0,61.5153,1.3319
2025-07-22,0,59.7341,1.3034
2025-07-23,0,58.1646,1.3261
2025-07-24,0,57.0822,1.3226
2025-07-25,0,55.5382,1.3195
2025-07-28,0,55.7923,1.3305
2025-07-29,0,56.788,1.3464
2025-07-30,0,57.6613,1.3677
2025-07-31,0,60.1303,1.3851
2025-08-01,0,58.9818,1.331
2025-08-04,0,59.0795,1.3516
2025-08-05,0,58.9754,1.3527
2025-08-06,0,57.3306,1.3363
2025-08-07,0,57.5167,1.3476
2025-08-08,0,58.9772,1.3899
2025-08-11,0,61.7283,1.4022
2025-08-12,0,62.9816,1.4409
2025-08-13,0,62.7039,1.4477
2025-08-14,0,59.3074,1.4459
2025-08-15,0,58.1427,1.418
2025-08-18,0,56.9873,1.4196
2025-08-19,0,55.4661,1.4039
2025-08-20,0,53.3322,1.3848
2025-08-21,0,52.4381,1.3737
2025-08-22,0,54.5509,1.4018
2025-08-25,0,55.495,1.4194
2025-08-26,0,53.4701,1.4222
2025-08-27,0,53.5442,1.4348
2025-08-28,0,52.3068,1.4698
2025-08-29,0,49.5359,1.4667
2025-09-01,0,46.1736,1.4437
2025-09-02,0,45.7199,1.4518
2025-09-03,0,47.0829,1.4831
2025-09-04,0,50.4873,1.5701
2025-09-05,0,53.8302,1.6307
2025-09-08,0,53.8417,1.6516
2025-09-09,0,56.3162,1.6853
2025-09-10,0,59.7606,1.7391
2025-09-11,0,63.3842,1.8256
2025-09-12,0,67.6631,1.8909
2025-09-15,0,66.7888,1.9363
2025-09-16,0,68.9031,1.9824
2025-09-17,0,67.779,1.965
2025-09-18,0,68.9779,2.0583
2025-09-19,0,68.0464,2.0589
2025-09-22,0,70.207,2.1062
2025-09-23,0,71.1253,2.135
2025-09-24,0,72.5736,2.0938
2025-09-25,0,73.1187,2.0507
2025-09-26,0,73.7638,2.0265
2025-09-29,1,75.9281,2.1688
2025-09-30,1,75.9621,2.1818
2025-10-01,2,78.7812,2.3201
2025-10-02,4,80.4573,2.4
2025-10-03,4,80.4112,2.4274
2025-10-06,4,80.0957,2.3858
2025-10-07,4,79.9581,2.3514
2025-10-08,2,79.4822,2.4263
2025-10-09,2,78.0889,2.4019
2025-10-10,3,78.3767,2.3792
2025-10-13,3,78.9817,2.4747
2025-10-14,2,78.6852,2.3961
2025-10-15,3,80.4244,2.5342
2025-10-16,4,81.5939,2.6355
2025-10-17,4,81.477,2.6375
2025-10-20,4,81.1468,2.6828
2025-10-21,3,80.5576,2.6647
2025-10-22,2,79.3855,2.651
2025-10-23,3,80.332,2.754
2025-10-24,4,82.2047,2.9154
2025-10-27,2,80.2066,2.9231
2025-10-28,2,79.5623,2.887
2025-10-29,4,82.3741,3.117
2025-10-30,3,81.0666,3.1029
2025-10-31,3,80.4013,3.1781
2025-11-03,3,81.8752,3.3573
2025-11-04,3,81.3509,3.1702
2025-11-05,3,82.1379,3.2977
2025-11-06,3,82.1361,3.2943
2025-11-07,4,83.5105,3.3684
2025-11-10,5,85.3452,3.5874
2025-11-11,4,84.3171,3.5812
2025-11-12,4,83.8249,3.6014
2025-11-13,4,82.0673,3.4307
2025-11-14,3,81.4358,3.3964
2025-11-17,4,82.5678,3.5137
2025-11-18,3,80.8973,3.3165
2025-11-19,2,80.2089,3.2985
2025-11-20,2,76.8927,3.0724
2025-11-21,1,74.251,3.0105
2025-11-24,0,77.9325,3.2005
2025-11-25,1,78.3581,3.2189
2025-11-26,1,78.553,3.258
2025-11-27,1,78.877,3.2873
2025-11-28,0,77.9592,3.3176
2025-12-01,0,77.3168,3.3026
2025-12-02,0,76.0303,3.3121
2025-12-03,0,73.3296,3.2436
2025-12-04,0,72.9964,3.3005
2025-12-05,0,75.0203,3.4337
2025-12-08,0,75.7103,3.5051
2025-12-09,0,72.9454,3.4806
2025-12-10,0,74.9332,3.6284
2025-12-11,0,74.1865,3.6303
2025-12-12,0,69.4798,3.4516
2025-12-15,0,66.8185,3.3634
2025-12-16,0,64.523,3.342
2025-12-17,0,63.25,3.3418
2025-12-18,0,66.1147,3.4853
2025-12-19,0,65.8464,3.6012
2025-12-22,0,66.7927,3.6952
2025-12-23,0,65.3793,3.7242
2025-12-24,0,65.2669,3.7759
2025-12-26,0,66.0119,3.8334
2025-12-29,0,67.0299,3.9024
2025-12-30,0,66.6509,3.8852
2025-12-31,0,65.9885,3.8401
2026-01-02,2,73.3829,4.1979
2026-01-05,1,73.4738,4.2728
2026-01-06,3,79.7791,4.779
2026-01-07,2,79.0035,4.7295
2026-01-08,2,77.2443,4.5891
2026-01-09,2,79.2467,4.8067
2026-01-12,3,79.1951,4.9001
2026-01-13,2,77.1791,4.8653
2026-01-14,2,77.0562,4.8755
2026-01-15,2,77.2673,5.0054
2026-01-16,3,77.3718,5.1352
2026-01-19,3,77.2477,5.1489
2026-01-20,3,77.8455,5.2038
2026-01-21,3,79.0091,5.4982
2026-01-22,3,78.8748,5.576
2026-01-23,3,78.5856,5.5009
2026-01-26,3,78.0479,5.441
2026-01-27,3,80.347,5.7257
2026-01-28,3,82.483,6.1075
2026-01-29,3,82.5725,6.1466
2026-01-30,4,81.7222,6.1144
2026-02-02,3,80.9267,6.2854
2026-02-03,5,82.5919,6.6425
2026-02-04,2,79.0774,6.2108
2026-02-05,1,77.6332,6.0099
2026-02-06,2,77.0387,6.1862
2026-02-09,2,77.0745,6.2676
2026-02-10,1,75.5324,6.0216
2026-02-11,2,77.9739,6.3134
2026-02-12,2,79.0442,6.5599
2026-02-13,2,78.393,6.5405
2026-02-17,2,78.0325,6.4394
2026-02-18,2,78.7455,6.5854
2026-02-19,2,78.5123,6.6516
2026-02-20,3,78.8661,6.8345
2026-02-23,1,77.4816,6.8456
2026-02-24,2,76.3765,6.8578
2026-02-25,2,77.1083,7.0257
2026-02-26,2,75.5196,7.195
2026-02-27,1,74.2591,7.0748
2026-03-02,1,73.1723,6.9909
2026-03-03,0,69.6786,6.3581
2026-03-04,0,68.507,6.2876
2026-03-05,0,66.6847,6.4726
2026-03-06,0,64.7946,6.1826
2026-03-09,0,64.0587,6.2605
2026-03-10,0,67.4756,6.6456
2026-03-11,0,67.8668,6.8273
2026-03-12,0,65.3024,6.6179
2026-03-13,0,66.608,6.7742
2026-03-16,0,69.5187,7.113
2026-03-17,0,71.714,7.381
2026-03-18,0,71.2084,7.6499
2026-03-19,0,69.9526,7.5688
2026-03-20,0,67.5645,7.2426
2026-03-23,0,64.8461,6.9711
2026-03-24,0,65.3388,7.0749
2026-03-25,0,64.2271,6.9618
2026-03-26,0,59.9396,6.4519
2026-03-27,0,60.0683,6.4767
2026-03-30,0,56.8232,6.0524
2026-03-31,0,53.7944,6.1821
2026-04-01,0,62.846,6.8256
2026-04-02,0,59.084,6.6474
2026-04-03,0,60.1523,6.7793
2026-04-06,0,61.2597,6.9743
2026-04-07,0,62.5639,7.0547
2026-04-08,0,69.4427,7.7048
2026-04-09,0,69.1384,7.7963
2026-04-10,0,69.4478,7.8795
2026-04-13,0,69.9735,8.1008
2026-04-14,0,72.7183,8.4525
2026-04-15,0,71.733,8.4056
2026-04-16,0,71.9812,8.5263
2026-04-17,0,71.3882,8.5205
2026-04-20,0,70.6051,8.5337
2026-04-21,0,71.1927,8.6845
2026-04-22,0,72.5978,8.9876
2026-04-23,0,71.9866,9.0063
2026-04-24,0,69.1959,9.1328
2026-04-27,0,70.4059,9.5148
2026-04-28,0,66.5413,9.2647
2026-04-29,0,66.9047,9.558
2026-04-30,0,63.283,9.6551
2026-05-01,0,64.8809,9.8947
2026-05-04,0,69.1042,10.5396
2026-05-05,0,71.4165,11.1344
2026-05-06,0,73.1268,11.8755
2026-05-07,0,74.2265,11.7196
2026-05-08,1,74.9622,12.5725
2026-05-11,1,76.7944,13.3483
2026-05-12,2,76.8005,12.8221
2026-05-13,2,77.3756,13.2086
2026-05-14,3,76.6075,13.0773
2026-05-15,2,76.071,12.4874
2026-05-18,2,74.8348,12.2112
2026-05-19,2,74.3465,12.1758
2026-05-20,2,74.6987,12.3328
2026-05-21,3,78.5699,13.3291
2026-05-22,3,77.8537,13.1075
2026-05-26,3,80.6657,14.2365
2026-05-27,3,80.3302,14.7141
2026-05-28,3,80.6183,14.7859
2026-05-29,3,81.5299,15.2638
2026-06-01,3,82.8304,16.0199
2026-06-02,3,82.764,16.227
2026-06-03,4,82.6724,16.6707
2026-06-04,3,81.3303,16.0065
2026-06-05,3,79.1186,14.3405
2026-06-08,3,77.4132,14.3485
2026-06-09,3,77.4544,14.9797
2026-06-10,3,74.4143,14.2656
2026-06-11,3,76.8082,15.281
2026-06-12,3,78.3771,15.903
2026-06-15,4,81.5844,17.312
2026-06-16,4,80.2618,17.2569
2026-06-17,4,80.9211,17.6699
2026-06-18,4,83.129,18.9475
2026-06-19,4,83.003,18.9701
2026-06-22,4,82.9775,19.5218
2026-06-23,4,81.1208,17.1778
2026-06-24,4,80.5433,17.3149
2026-06-25,4,84.3458,19.4259
2026-06-26,3,81.5139,17.7168
2026-06-29,4,80.9335,17.8525
2026-06-30,4,81.0948,18.3489
2026-07-01,2,77.3174,17.0005
2026-07-02,1,70.98,15.1922
2026-07-03,2,73.0269,15.7725
2026-07-06,1,72.9361,16.0063
2026-07-07,0,66.963,14.956
2026-07-08,0,66.4269,14.8787
