date,turnover,vol_share,extension,momentum,rsi,volatility,basket_corr,score,close,dollar_vol,raw_turnover_ratio,raw_vol_share,raw_extension,raw_momentum_60d,raw_rsi14,raw_realized_vol20,raw_basket_corr
2025-02-24,,,,,,,44.0772,,48.6,1645028254.8,,,,,,,0.4408
2025-02-25,,,,,0.0,,42.7935,,48.16,394855315.68,,,,,0.0,,0.4279
2025-02-26,,,,,0.0,,42.4138,,46.58,390759387.1,,,,,0.0,,0.4241
2025-02-27,,,,,0.0,,41.8913,,45.16,436973217.92,,,,,0.0,,0.4189
2025-02-28,,,,,18.1663,,38.6597,,46.85,361393731.95,,,,,18.1663,,0.3866
2025-03-03,,,,,41.5696,,39.4315,,50.31,242139615.12,,,,,41.5696,,0.3943
2025-03-04,,,,,36.3307,,33.4554,,48.69,295776071.82,,,,,36.3307,,0.3346
2025-03-05,,,,,35.6732,,29.3393,,48.47,245828061.79,,,,,35.6732,,0.2934
2025-03-06,,,,,30.3725,,29.0331,,46.5,193315194.0,,,,,30.3725,,0.2903
2025-03-07,,,,,49.0107,,26.4708,,51.0,399118605.0,,,,,49.0107,,0.2647
2025-03-10,,,,,54.8016,,26.2612,,53.0,276856948.0,,,,,54.8016,,0.2626
2025-03-11,,,,,52.124,,27.4289,,52.16,164480040.0,,,,,52.124,,0.2743
2025-03-12,,,,,47.0543,,30.4292,,50.44,109832494.72,,,,,47.0543,,0.3043
2025-03-13,,,,,41.9456,,31.1058,,48.44,171835523.16,,,,,41.9456,,0.3111
2025-03-14,,,,,57.7166,,33.7564,,54.82,265734468.0,,,,,57.7166,,0.3376
2025-03-17,,,,,59.2669,,34.1074,,55.65,163091062.05,,,,,59.2669,,0.3411
2025-03-18,,,,,60.7063,,33.0036,,56.42,145975635.26,,,,,60.7063,,0.33
2025-03-19,,,,,60.4375,,33.8535,,56.33,141988946.79,,,,,60.4375,,0.3385
2025-03-20,,,,,60.0556,,35.0004,,56.21,151875372.88,,,,,60.0556,,0.35
2025-03-21,,,,,53.2606,,31.3599,,53.96,343841969.44,,0.0079,,,53.2606,,0.3136
2025-03-24,,,,,50.6024,,35.876,,52.99,188805966.51,,0.0061,,,50.6024,74.4382,0.3588
2025-03-25,,,,,48.4802,,28.6526,,52.2,160722025.2,,0.0059,,,48.4802,74.6094,0.2865
2025-03-26,,,,,49.6883,,28.7257,,52.62,65375140.62,,0.0055,,,49.6883,73.2935,0.2873
2025-03-27,,,,,50.4627,,29.2212,,52.88,85560157.28,,0.0052,,,50.4627,71.9824,0.2922
2025-03-28,,,,,40.3937,,32.961,,48.97,195255779.41,,0.005,,,40.3937,77.0536,0.3296
2025-03-31,,,,,37.5846,,38.8663,,47.61,100617307.65,,0.0048,,,37.5846,73.2251,0.3887
2025-04-01,,,,,39.2571,,39.8438,,48.11,101782237.65,,0.0048,,,39.2571,72.4812,0.3984
2025-04-02,,,,,38.2848,,40.971,,47.67,82222217.07,,0.0045,,,38.2848,72.5336,0.4097
2025-04-03,,,,,24.3791,,53.0706,,38.26,282063126.72,,0.0045,,,24.3791,105.8097,0.5307
2025-04-04,,,,,18.2099,,61.9896,,30.11,344112797.42,,0.0041,,,18.2099,126.8287,0.6199
2025-04-07,,,,,21.7926,,53.8257,,31.48,196387161.52,,0.0037,,,21.7926,127.2547,0.5383
2025-04-08,,,,,24.0673,,53.0929,,32.35,193442648.0,,0.0036,,,24.0673,128.6266,0.5309
2025-04-09,,,,,34.1028,,48.6696,,36.58,204894493.18,,0.0034,,,34.1028,138.6629,0.4867
2025-04-10,,,,,28.7731,,40.2498,,31.075,129064294.7,,0.0032,,,28.7731,148.0408,0.4025
2025-04-11,,,,,30.6702,,38.8732,,31.97,155246256.06,,0.0031,,,30.6702,139.1797,0.3887
2025-04-14,,,,,34.0116,,38.48,,33.55,137630823.0,,0.003,,,34.0116,140.9961,0.3848
2025-04-15,,,,,33.6578,,38.7226,,33.23,64359465.24,,0.003,,,33.6578,140.3811,0.3872
2025-04-16,,,,,32.3008,,38.1344,,32.03,74343071.35,,0.0029,,,32.3008,140.1096,0.3813
2025-04-17,,,,,31.4585,,37.8307,,31.29,64374199.89,,0.0028,,,31.4585,139.7874,0.3783
2025-04-21,,,,,29.7856,,38.6266,,29.81,76892212.1,,0.0026,,,29.7856,139.8968,0.3863
2025-04-22,,,,,29.5682,,38.7394,,29.62,85411284.16,,0.0025,,,29.5682,140.0872,0.3874
2025-04-23,,,,,31.6602,,40.4986,,30.36,83495313.0,,0.0024,,,31.6602,141.319,0.405
2025-04-24,,,,,36.9225,,41.0249,,32.29,83647503.32,,0.0024,,,36.9225,144.3353,0.4102
2025-04-25,,,,,38.4046,,41.399,,32.85,43429211.1,,0.0023,,,38.4046,144.7312,0.414
2025-04-28,,,,,37.4238,,40.1567,,32.27,45857154.42,,0.0022,,,37.4238,143.3738,0.4016
2025-04-29,,,,,39.3506,,39.5086,,32.94,45652633.02,,0.0022,,,39.3506,144.0853,0.3951
2025-04-30,,,,,37.7979,,37.0809,,32.11,74562855.77,,0.0021,,,37.7979,143.6947,0.3708
2025-05-01,,,,,39.2899,,36.9539,,32.59,62258143.55,,0.0021,,,39.2899,144.1915,0.3695
2025-05-02,,,,,44.6782,,34.6393,,34.4,75455299.2,,0.002,,,44.6782,125.0975,0.3464
2025-05-05,,,,,45.285,,32.4583,,34.61,69004241.26,,0.0019,-0.1901,,45.285,89.3859,0.3246
2025-05-06,,,,,43.3817,,32.5389,,33.83,57767397.57,,0.002,-0.2028,,43.3817,88.8282,0.3254
2025-05-07,,,,,46.8947,,27.7977,,34.97,127306746.32,,0.002,-0.1708,,46.8947,89.0602,0.278
2025-05-08,,,,,51.6811,,9.3462,,36.66,182162623.5,,0.0022,-0.1266,,51.6811,79.1481,0.0935
2025-05-09,,,,,54.5031,,1.2574,,37.74,76959143.82,,0.0024,-0.0977,,54.5031,50.968,0.0126
2025-05-12,,,,,62.2615,,11.3762,,41.27,221811227.72,,0.0025,-0.0106,,62.2615,58.0452,0.1138
2025-05-13,,,,,63.6423,,12.2101,,42.0,91839972.0,,0.0024,0.0109,,63.6423,56.5608,0.1221
2025-05-14,,,,,63.4027,,37.2277,,41.93,76665902.18,,0.0024,0.0125,,63.4027,56.2433,0.3723
2025-05-15,,,,,58.6794,,36.4608,,40.54,78284402.14,,0.0024,-0.0173,,58.6794,55.9026,0.3646
2025-05-16,,,,,58.3427,,36.7828,,40.44,86232153.12,,0.0024,-0.0168,,58.3427,54.6372,0.3678
2025-05-19,,,,,52.9143,,35.138,,38.78,68460738.36,0.4659,0.0024,-0.0516,,52.9143,53.7057,0.3514
2025-05-20,,,,,56.5833,,31.2268,,40.18,70567732.2,0.4667,0.0024,-0.0111,-0.1733,56.5833,53.7404,0.3123
2025-05-21,,,,,51.6882,,34.5918,,38.6,70104200.6,0.4677,0.0024,-0.0436,-0.1985,51.6882,57.0519,0.3459
2025-05-22,,,,,49.4712,,33.0478,,37.84,66785291.76,0.4678,0.0023,-0.0566,-0.1876,49.4712,54.9465,0.3305
2025-05-23,,,,,47.8428,,33.307,,37.28,45962847.52,0.474,0.0023,-0.0653,-0.1745,47.8428,55.4084,0.3331
2025-05-27,,,,,50.654,,30.8233,,38.18,53866329.36,0.4814,0.0022,-0.0347,-0.1851,50.654,54.9732,0.3082
2025-05-28,,,,,51.895,,31.9993,,38.58,40732185.3,0.4857,0.0022,-0.0161,-0.2332,51.895,54.7938,0.32
2025-05-29,,,,,51.96,,38.1164,,38.6,57972066.2,0.4858,0.0022,-0.0066,-0.2072,51.96,53.4503,0.3812
2025-05-30,,,,,48.7309,,40.0557,,37.69,207275438.89,0.5262,0.0023,-0.0206,-0.2224,48.7309,54.6605,0.4006
2025-06-02,,,,,47.474,,38.3888,,37.33,60510698.11,0.5269,0.0023,-0.0203,-0.1972,47.474,52.0421,0.3839
2025-06-03,,,,,52.2959,,39.2256,,38.64,49998537.12,0.5267,0.0022,0.0223,-0.2424,52.2959,53.1516,0.3923
2025-06-04,,,,,56.1967,,44.6999,,39.82,74083158.82,0.5357,0.0022,0.0609,-0.2487,56.1967,52.7296,0.447
2025-06-05,,,,,53.4068,,44.859,,39.12,213632129.28,0.5592,0.0023,0.0496,-0.25,53.4068,52.624,0.4486
2025-06-06,,,,,53.5133,,45.5516,,39.15,428909704.2,0.6191,0.0026,0.058,-0.2238,53.5133,50.2862,0.4555
2025-06-09,,,,,61.8684,,46.7646,,41.82,459613007.76,0.7138,0.003,0.137,-0.1367,61.8684,54.3409,0.4676
2025-06-10,,,,,60.8538,,40.5231,,41.59,168693157.41,0.6992,0.003,0.1353,-0.2413,60.8538,44.3402,0.4052
2025-06-11,,,,,55.0995,,37.0652,,40.23,156565504.8,0.7186,0.003,0.1026,-0.2771,55.0995,45.3871,0.3707
2025-06-12,,,,,58.43,,26.4579,,41.3,84748136.9,0.7258,0.003,0.1361,-0.268,58.43,46.495,0.2646
2025-06-13,,,,,61.8479,,28.1407,,42.5,117124432.5,0.74,0.003,0.1725,-0.2455,61.8479,45.8975,0.2814
2025-06-16,,,,,66.1225,,30.5293,,44.21,128288091.69,0.7546,0.0031,0.2157,-0.2135,66.1225,47.6891,0.3053
2025-06-17,,,,,65.5673,,31.1239,,44.09,128516971.02,0.7744,0.0031,0.2031,-0.1829,65.5673,44.5611,0.3112
2025-06-18,,,,,71.0804,,30.5946,,46.62,156240123.48,0.8001,0.0032,0.2617,-0.1202,71.0804,46.8449,0.3059
2025-06-20,,,,,70.8872,,25.7259,,46.58,221847451.02,0.841,0.0033,0.251,-0.1077,70.8872,43.5139,0.2573
2025-06-23,,,,,71.6548,,26.3967,,46.95,84115103.55,0.8513,0.0033,0.254,-0.1078,71.6548,42.1297,0.264
2025-06-24,,,,,72.4786,,32.1298,,47.34,82408998.6,0.8672,0.0034,0.2535,-0.1048,72.4786,41.0441,0.3213
2025-06-25,,,,,71.9589,,30.7466,,47.25,111406097.25,0.8877,0.0035,0.2411,-0.0351,71.9589,41.0711,0.3075
2025-06-26,,,,,72.4087,,29.8543,,47.44,163653198.72,0.9241,0.0036,0.237,-0.0036,72.4087,41.1389,0.2985
2025-06-27,,,,,70.5485,,34.7621,,47.15,170865989.15,0.9571,0.0036,0.2206,-0.02,70.5485,41.4162,0.3476
2025-06-30,,,,,60.2093,,32.2432,,45.35,137608044.6,0.9388,0.0036,0.166,-0.0487,60.2093,43.3501,0.3224
2025-07-01,,,,,58.2185,,33.9671,,44.96,130083442.4,0.9618,0.0036,0.1479,0.1751,58.2185,43.296,0.3397
2025-07-02,,,,,62.4986,,26.4423,,46.21,162180834.08,0.9953,0.0037,0.17,0.5347,62.4986,42.8207,0.2644
2025-07-03,,,,,63.149,,23.9236,,46.41,65914080.96,0.9996,0.0037,0.1651,0.4743,63.149,42.1046,0.2392
2025-07-07,,,,,56.8326,,28.1459,,45.22,110619831.98,0.9727,0.0036,0.1269,0.3978,56.8326,42.8586,0.2815
2025-07-08,,,,,60.2508,,24.3144,,46.17,108366668.91,0.8807,0.0033,0.1426,0.2622,60.2508,43.0461,0.2431
2025-07-09,,,,,60.3575,,21.9904,,46.2,72773408.4,0.7698,0.0028,0.1359,0.4867,60.3575,37.2871,0.2199
2025-07-10,,,,,63.0307,,23.871,,46.95,81423178.35,0.7476,0.0027,0.146,0.4686,63.0307,37.2697,0.2387
2025-07-11,,,,,58.1856,,24.5716,,46.09,57249495.16,0.7225,0.0027,0.1179,0.3738,58.1856,35.5328,0.2457
2025-07-14,,,,,43.1809,,23.6929,,42.48,233096978.16,0.7644,0.0028,0.0252,0.2784,43.1809,46.5927,0.2369
2025-07-15,,,,,44.2109,,24.1098,,42.72,102448113.6,0.7629,0.0028,0.0259,0.3337,44.2109,45.5124,0.2411
2025-07-16,,,,,39.8071,,24.0689,,41.36,96719615.52,0.7564,0.0028,-0.01,0.3218,39.8071,44.4359,0.2407
2025-07-17,,,,,40.5572,,22.3171,,41.52,95084329.2,0.7493,0.0028,-0.0095,0.3928,40.5572,44.5093,0.2232
2025-07-18,,,,,43.7203,,22.6369,,42.19,70819627.72,0.7272,0.0027,0.0025,0.4244,43.7203,39.4962,0.2264
2025-07-21,,,,,41.654,,23.236,,41.61,90474162.57,0.6897,0.0026,-0.0144,0.3706,41.654,39.5848,0.2324
2025-07-22,,,,,40.7597,,26.9907,,41.36,76379801.52,0.6909,0.0026,-0.0225,0.2809,40.7597,39.2597,0.2699
2025-07-23,,,,,48.5612,,21.4711,,43.0,95492336.0,0.6977,0.0026,0.0137,0.309,48.5612,42.167,0.2147
2025-07-24,,,,,44.9105,,20.3761,,42.06,56657806.26,0.6848,0.0025,-0.0088,0.3034,44.9105,42.59,0.2038
2025-07-25,,,,,46.8337,,20.6151,,42.48,36924593.04,0.6496,0.0024,0.0009,0.2896,46.8337,42.8226,0.2062
2025-07-28,,,,,44.4843,,19.1095,,41.89,35662632.6,0.6112,0.0023,-0.013,0.3046,44.4843,42.928,0.1911
2025-07-29,,,,,49.3113,,20.9072,,42.93,51627145.77,0.5874,0.0023,0.0104,0.3173,49.3113,42.3613,0.2091
2025-07-30,,,,,51.3271,,18.6383,,43.39,57911070.96,0.5675,0.0021,0.0198,0.2613,51.3271,42.5584,0.1864
2025-07-31,,,,,49.1752,,10.6294,,42.92,79367492.32,0.5432,0.002,0.0068,0.2401,49.1752,41.2239,0.1063
2025-08-01,,,,,42.6595,,19.3539,,41.33,68671324.21,0.5468,0.0019,-0.031,0.2217,42.6595,42.8135,0.1935
2025-08-04,,,,,48.1503,,18.2504,,42.51,65466292.71,0.5349,0.0018,-0.0052,0.2156,48.1503,43.731,0.1825
2025-08-05,,,,,45.8274,,20.0053,,41.93,59659261.9,0.5217,0.0017,-0.0206,0.1438,45.8274,42.9406,0.2001
2025-08-06,,,,,46.6399,,20.4888,,42.1,65413590.7,0.5219,0.0017,-0.0189,0.1155,46.6399,43.0148,0.2049
2025-08-07,,,,,41.1296,,18.7764,,40.69,89805841.06,0.5265,0.0017,-0.0529,-0.0141,41.1296,43.4887,0.1878
2025-08-08,,,,,55.7155,,19.8317,,44.34,155935178.04,0.5591,0.0018,0.0293,0.0557,55.7155,54.3192,0.1983
2025-08-11,,,,,52.0263,,20.2626,,43.37,134235918.21,0.5268,0.0017,0.0046,0.0343,52.0263,46.2625,0.2026
2025-08-12,,,,,61.7543,,21.6229,,46.83,156398197.83,0.5445,0.0018,0.0802,0.1552,61.7543,53.5192,0.2162
2025-08-13,,,,,62.1839,,20.0714,,47.01,110402514.9,0.5503,0.0018,0.0795,0.1625,62.1839,51.7171,0.2007
2025-08-14,,,,,60.8347,,22.5558,,46.68,165683424.6,0.5733,0.0019,0.068,0.2037,60.8347,51.9326,0.2256
2025-08-15,,,,,52.8298,,23.819,,44.54,334919064.48,0.6546,0.0022,0.0168,0.1085,52.8298,55.0146,0.2382
2025-08-18,,,,,55.7043,,22.1945,,45.52,115699504.08,0.6642,0.0023,0.0362,0.1793,55.7043,55.0455,0.2219
2025-08-19,,,,,52.4055,,22.2023,,44.58,105785620.62,0.6755,0.0023,0.0123,0.1781,52.4055,55.6701,0.222
2025-08-20,,,,,51.7732,,19.5567,,44.4,67798578.0,0.6693,0.0022,0.007,0.191,51.7732,54.141,0.1956
2025-08-21,,,,,55.3208,,19.8208,,45.5,82003831.0,0.6802,0.0023,0.0301,0.1917,55.3208,53.9602,0.1982
2025-08-22,,,,,57.9552,,21.7023,,46.37,102397387.16,0.7039,0.0023,0.0469,0.2019,57.9552,54.1873,0.217
2025-08-25,,,,,59.1768,,21.1113,,46.78,61666612.28,0.7159,0.0023,0.0536,0.2119,59.1768,53.765,0.2111
2025-08-26,,,,,60.8785,,24.2404,,47.35,122058735.3,0.7406,0.0024,0.0641,0.2563,60.8785,53.3621,0.2424
2025-08-27,,,,,63.9715,,25.4664,,48.44,103915667.8,0.7578,0.0025,0.0865,0.2976,63.9715,53.7071,0.2547
2025-08-28,,,,,69.7192,,36.3065,,50.87,148502145.76,0.7811,0.0027,0.1376,0.3165,69.7192,55.4559,0.3631
2025-08-29,,,,,72.7965,,36.7943,,52.47,221838227.82,0.8296,0.003,0.1703,0.3177,72.7965,53.1729,0.3679
2025-09-02,,,,,66.4346,,27.1065,,51.07,103337489.36,0.8443,0.003,0.1368,0.3055,66.4346,54.5322,0.2711
2025-09-03,,,,,70.3071,,27.1816,,53.01,89568982.62,0.8569,0.0031,0.1768,0.354,70.3071,54.6963,0.2718
2025-09-04,,,,,81.5391,,34.1302,,62.51,636915265.14,1.0247,0.0037,0.3784,0.4947,81.5391,76.9554,0.3413
2025-09-05,,,,,85.3369,,31.7588,,68.55,620368931.25,1.1727,0.0043,0.4975,0.6482,85.3369,78.2857,0.3176
2025-09-08,,,,,86.3133,,33.8655,,70.495,413740512.62,1.2406,0.0046,0.5246,0.7523,86.3133,75.0478,0.3387
2025-09-09,,,,,86.3209,,35.7716,,70.51,237212773.93,1.2687,0.0047,0.5097,0.7073,86.3209,73.6658,0.3577
2025-09-10,,,,,87.9514,,35.6462,,73.92,299600938.56,1.3056,0.0048,0.5636,0.7393,87.9514,71.5935,0.3565
2025-09-11,,97.479,,,91.3365,,35.9419,69.351,84.3,857115107.7,1.4935,0.0057,0.754,0.9068,91.3365,80.8298,0.3594
2025-09-12,,98.3333,,,91.7753,78.9916,36.2385,72.5907,86.13,485918070.66,1.5693,0.006,0.7628,0.9535,91.7753,79.7605,0.3624
2025-09-15,,99.1736,,,92.6434,72.5,31.3651,69.5229,90.09,809125317.0,1.6663,0.0065,0.8114,0.9324,92.6434,74.399,0.3137
2025-09-16,,99.1803,,,92.9394,73.5537,30.668,69.6905,91.55,575923747.05,1.7716,0.007,0.8071,0.9654,92.9394,74.5627,0.3067
2025-09-17,,99.187,,,93.4124,66.3934,29.8701,67.3989,93.97,660703070.0,1.8943,0.0074,0.8205,1.0015,93.4124,71.7101,0.2987
2025-09-18,,100.0,,,94.2521,65.0407,29.9599,67.3506,98.87,933515017.41,2.0774,0.0083,0.8771,1.0885,94.2521,70.1437,0.2996
2025-09-19,,100.0,,,94.7439,64.5161,25.4168,65.9287,102.21,660269649.72,2.1964,0.0087,0.9007,1.1632,94.7439,69.9548,0.2542
2025-09-22,,100.0,,,94.8448,65.6,23.5267,65.707,102.92,791668873.6,2.3301,0.0095,0.8743,1.1695,94.8448,70.5727,0.2353
2025-09-23,,100.0,,,95.3195,63.4921,23.7129,65.2254,106.4,833635488.0,2.4765,0.0101,0.8935,1.2566,95.3195,69.6733,0.2371
2025-09-24,,100.0,,,80.2902,78.7402,27.1877,67.8364,99.83,1238822615.26,2.6673,0.0111,0.7412,1.2013,80.2902,78.4998,0.2719
2025-09-25,,100.0,,,70.234,81.25,31.6209,67.9081,94.29,996577882.65,2.8146,0.0117,0.6148,1.0972,70.234,85.2852,0.3162
2025-09-26,,100.0,,,72.1527,80.6202,35.1627,69.1654,97.12,623299843.84,2.8908,0.0121,0.6322,1.1017,72.1527,85.0908,0.3516
2025-09-29,,100.0,,,80.1346,83.8462,36.2161,72.0456,113.5,1411407458.0,3.0587,0.0133,0.8628,1.4456,80.1346,95.7101,0.3622
2025-09-30,,100.0,,,78.2184,83.2061,36.3418,71.508,112.2,1280709368.4,3.2259,0.0144,0.7998,1.4812,78.2184,94.4486,0.3634
2025-10-01,,100.0,,,81.4892,83.3333,41.4657,73.7375,121.12,1482195825.92,3.4115,0.0158,0.8944,1.6233,81.4892,95.356,0.4147
2025-10-02,,100.0,,,82.4501,78.1955,38.9868,71.6447,124.14,1173537503.46,3.4366,0.0164,0.8935,1.687,82.4501,83.5187,0.3899
2025-10-03,,100.0,,,83.7356,76.8657,39.0044,71.5082,128.41,1308974943.15,3.4802,0.0172,0.9084,1.735,83.7356,80.67,0.39
2025-10-06,,100.0,,,73.857,80.0,39.2975,70.5606,121.17,1207327944.06,3.5526,0.0181,0.7596,1.629,73.857,86.7034,0.393
2025-10-07,,100.0,,,73.5729,80.1471,40.2312,70.8281,120.95,797616386.2,3.6141,0.0185,0.717,1.8472,73.5729,86.7898,0.4023
2025-10-08,,100.0,,,78.0827,81.7518,39.7072,72.0542,131.88,945999110.28,3.6777,0.0194,0.8261,2.0871,78.0827,89.0952,0.3971
2025-10-09,,99.2806,,,75.2974,76.087,40.7244,69.959,129.68,461825623.28,3.5839,0.019,0.7537,2.1354,75.2974,81.7184,0.4072
2025-10-10,,97.8571,,,61.5687,82.7338,32.7887,66.5419,116.91,918929435.04,3.61,0.0184,0.55,1.8158,61.5687,93.0218,0.3279
2025-10-13,,97.8723,,,69.7904,85.0,30.6281,68.221,134.61,1116904802.79,3.5962,0.0185,0.7416,2.1906,69.7904,102.8142,0.3063
2025-10-14,,97.1831,,,63.7193,85.8156,35.6373,68.6164,127.29,901032575.49,3.6044,0.0185,0.6115,2.0591,63.7193,106.3023,0.3564
2025-10-15,,99.3007,,,70.2054,85.9155,37.5777,70.9492,144.3,1294527132.6,3.637,0.0193,0.7807,2.4889,70.2054,113.1228,0.3758
2025-10-16,,98.6111,,,70.1816,85.3147,38.5213,70.9093,144.27,907386742.08,3.5834,0.019,0.7366,2.3551,70.1816,112.8147,0.3852
2025-10-17,,100.0,,,66.8345,86.1111,39.6117,71.0837,140.16,1160470978.56,3.6041,0.0195,0.6476,2.3324,66.8345,113.9181,0.3961
2025-10-20,,100.0,,,69.8076,86.2069,38.8247,71.471,148.04,980903861.52,3.5851,0.0198,0.6988,2.4849,69.8076,114.6847,0.3882
2025-10-21,,100.0,,,70.263,85.6164,40.1008,71.7678,149.29,623724065.44,3.5256,0.0199,0.6725,2.5639,70.263,114.5905,0.401
2025-10-22,,98.6486,,,68.1895,82.9932,39.496,70.1144,146.95,1104592437.45,3.4467,0.0196,0.6102,2.423,68.1895,111.3315,0.395
2025-10-23,,100.0,89.0756,,75.0112,84.4595,35.0496,76.0609,167.05,1505333989.9,3.4495,0.0204,0.7835,2.85,75.0112,113.8612,0.3505
2025-10-24,,100.0,100.0,,79.5101,86.5772,37.1324,80.7249,186.16,1983173649.6,3.5566,0.0216,0.9301,3.3374,79.5101,117.3285,0.3713
2025-10-27,,100.0,87.6033,,72.4063,82.0,35.4581,74.8286,176.49,1982950394.67,3.5381,0.0223,0.7811,3.2703,72.4063,111.5202,0.3546
2025-10-28,,100.0,80.3279,,71.7212,80.7947,38.2567,72.9934,175.53,1604465140.17,3.5079,0.0229,0.7261,3.1291,71.7212,111.2984,0.3826
2025-10-29,,100.0,100.0,,78.3471,86.8421,37.0773,80.6037,204.36,1913817299.16,3.4775,0.0231,0.9484,3.8738,78.3471,119.1301,0.3708
2025-10-30,,99.3506,90.3226,,72.8983,86.9281,34.9947,76.5398,195.82,1437590402.34,3.4528,0.0231,0.8146,3.6513,72.8983,121.6149,0.3499
2025-10-31,,98.0645,87.2,,73.7077,86.3636,30.112,74.4122,199.33,1379449311.9,3.4056,0.0229,0.7959,3.8987,73.7077,121.5553,0.3011
2025-11-03,,100.0,89.6825,,75.4362,85.1613,32.0488,75.8023,207.01,2199673148.27,3.4436,0.0237,0.8126,3.6687,75.4362,117.8927,0.3205
2025-11-04,,100.0,74.8031,,67.6752,87.1795,41.3316,72.864,194.57,1906849818.96,3.5116,0.0247,0.6607,3.4863,67.6752,121.7005,0.4133
2025-11-05,,100.0,86.7188,,72.9571,87.2611,36.6697,76.0416,216.5,2237778423.5,3.5838,0.0257,0.796,3.6231,72.9571,123.2901,0.3667
2025-11-06,100.0,100.0,75.1938,,68.1401,87.3418,37.3292,77.1217,207.69,2160498548.04,3.7088,0.0269,0.6786,3.418,68.1401,124.7008,0.3733
2025-11-07,100.0,100.0,94.6154,100.0,74.6454,86.1635,41.7429,85.5736,239.48,4921805891.92,3.963,0.0317,0.8783,4.1302,74.6454,121.9692,0.4174
2025-11-10,100.0,100.0,100.0,100.0,78.817,83.125,46.6769,87.352,267.95,4093308700.5,4.1182,0.0345,1.0328,5.0159,78.817,119.0842,0.4668
2025-11-11,100.0,100.0,99.2424,99.1736,79.2849,80.1242,42.246,86.0085,271.58,3308070626.14,4.2397,0.0375,0.9937,4.9662,79.2849,114.5649,0.4225
2025-11-12,100.0,100.0,99.2481,100.0,80.7392,75.3086,41.1224,85.3882,283.1,3886906663.1,4.3452,0.0404,1.0103,5.3504,80.7392,109.8358,0.4112
2025-11-13,100.0,100.0,73.1343,97.561,64.1078,89.5706,43.5625,80.6417,243.57,5669070072.27,4.5745,0.0453,0.6863,4.4858,64.1078,127.5017,0.4356
2025-11-14,100.0,100.0,74.0741,97.5806,66.1212,87.8049,41.6827,80.4872,254.16,4947044454.72,4.7252,0.0489,0.7155,4.5859,66.1212,125.9202,0.4168
2025-11-17,100.0,100.0,77.9412,97.6,68.2442,87.2727,42.2428,81.48,265.88,3778512408.6,4.8303,0.0507,0.7485,4.7339,68.2442,125.7136,0.4224
2025-11-18,100.0,100.0,65.6934,95.2381,60.8978,90.3614,46.0359,78.9738,244.93,4025123531.03,4.9726,0.0521,0.5746,4.2358,60.8978,131.6676,0.4604
2025-11-19,100.0,100.0,63.7681,94.4882,61.1194,89.8204,46.2988,78.4567,245.96,2952843510.76,5.0233,0.0534,0.547,4.1945,61.1194,131.0406,0.463
2025-11-20,100.0,100.0,54.6763,85.1562,47.1499,100.0,43.9797,75.0206,195.96,5210745121.56,5.1266,0.0536,0.2154,3.0454,47.1499,153.0756,0.4398
2025-11-21,100.0,100.0,56.4286,84.4961,48.2479,99.4083,40.9108,74.8328,200.27,4017612264.33,5.142,0.0539,0.2248,2.9369,48.2479,148.5681,0.4091
2025-11-24,98.4733,100.0,60.9929,86.9231,54.5459,99.4118,43.8072,76.9455,226.96,3131797209.2,5.1258,0.0544,0.3652,3.3255,54.5459,152.9279,0.4381
2025-11-25,100.0,100.0,60.5634,86.2595,52.8689,100.0,43.185,76.8162,220.5,3237065464.5,5.1446,0.0552,0.3061,3.3176,52.8689,153.519,0.4318
2025-11-26,100.0,100.0,59.4406,84.0909,51.4296,96.5116,41.138,75.2922,215.04,9246907084.8,5.3436,0.0618,0.2557,3.0566,51.4296,144.6097,0.4114
2025-11-28,100.0,100.0,60.4167,81.203,53.4875,94.7977,41.5404,75.0632,223.28,2971847645.52,5.3634,0.0644,0.2852,2.5719,53.4875,144.0862,0.4154
2025-12-01,99.2593,100.0,51.7241,73.8806,49.8673,97.1264,43.6463,72.4185,210.17,2160728976.71,5.3619,0.066,0.1949,2.0659,49.8673,145.9459,0.4365
2025-12-02,97.7941,99.4318,47.2603,72.5926,48.5658,96.5714,39.3352,70.1958,205.35,2278499736.15,5.3075,0.0659,0.154,1.913,48.5658,145.6029,0.3934
2025-12-03,97.0803,100.0,38.0952,70.5882,45.6459,96.0227,34.3899,66.8958,194.38,1918167692.54,5.2636,0.0667,0.0817,1.7568,45.6459,145.2273,0.3439
2025-12-04,96.3768,100.0,50.6757,72.2628,51.1085,92.0904,36.5119,69.8323,213.31,2595234408.52,5.2201,0.0675,0.1722,1.8857,51.1085,143.9519,0.3651
2025-12-05,95.6835,99.4413,57.047,68.8406,55.0083,95.5056,38.8149,71.681,228.47,1930861885.37,5.162,0.0674,0.2373,1.7102,55.0083,145.1194,0.3881
2025-12-08,90.7143,98.3333,53.3333,66.1871,54.0889,84.9162,40.7193,68.2894,225.47,1963848885.81,4.9211,0.0666,0.2043,1.6178,54.0889,135.7522,0.4072
2025-12-09,88.6525,96.6851,47.0199,64.2857,52.2063,83.3333,35.7457,65.0957,219.46,1382342768.02,4.719,0.0648,0.1591,1.436,52.2063,128.8864,0.3575
2025-12-10,87.3239,95.6044,53.9474,65.9574,55.8924,83.4254,38.5322,67.225,232.86,1418186559.42,4.5725,0.062,0.2144,1.5435,55.8924,130.9999,0.3853
2025-12-11,86.7133,94.5355,58.8235,66.1972,58.1616,82.967,38.1268,68.1351,241.61,1841486910.13,4.4049,0.0593,0.2444,1.5711,58.1616,130.778,0.3813
2025-12-12,84.7222,94.0217,31.8182,58.042,47.5046,84.6995,36.2112,60.0675,206.18,2491288609.68,4.1484,0.0561,0.053,1.0854,47.5046,131.9865,0.3621
2025-12-15,82.7586,90.8108,27.0968,56.9444,46.391,82.0652,39.3695,58.3102,201.87,1264710705.12,3.8954,0.053,0.0233,0.9751,46.391,130.6588,0.3937
2025-12-16,82.1918,89.2473,32.0513,57.931,48.6296,81.6216,38.0478,59.1668,209.31,1389482666.76,3.7252,0.0499,0.0516,1.0337,48.6296,130.1854,0.3805
2025-12-17,72.7891,88.2353,29.9363,54.7945,47.9114,80.1075,30.0435,55.2621,206.83,1702686609.0,3.5538,0.0479,0.0303,0.9439,47.9114,127.529,0.3004
2025-12-18,67.5676,87.766,38.6076,62.585,51.8144,81.2834,30.3681,57.9502,219.46,2177942108.16,3.4736,0.0468,0.0837,1.1983,51.8144,129.733,0.3037
2025-12-19,62.4161,87.3016,48.4277,66.2162,56.8215,63.8298,31.8377,57.7428,237.61,2595841728.0,3.2701,0.046,0.161,1.52,56.8215,103.2378,0.3184
2025-12-22,61.3333,86.8421,48.75,65.7718,57.7182,63.4921,27.3649,56.9003,241.05,2088312328.95,3.1237,0.0457,0.1637,1.482,57.7182,103.1561,0.2736
2025-12-23,60.2649,85.8639,50.3106,60.0,58.7508,61.0526,23.8924,55.3051,244.9,1299192295.9,2.9998,0.0444,0.1698,1.1577,58.7508,93.7441,0.2389
2025-12-24,59.2105,85.4167,53.7037,62.9139,60.1605,60.733,24.2657,56.3669,250.08,1386771875.04,2.8741,0.0439,0.1807,1.2289,60.1605,93.1062,0.2427
2025-12-26,56.8627,83.9378,49.6933,56.5789,60.1477,59.8958,24.1058,53.9637,250.05,1388690432.55,2.3761,0.0371,0.1689,1.0645,60.1477,92.4099,0.2411
2025-12-29,55.8442,83.5052,40.2439,54.2484,57.5923,59.5855,24.2228,51.2436,244.25,1393722008.25,2.2702,0.0351,0.1312,0.9675,57.5923,92.3177,0.2422
2025-12-30,55.4839,83.0769,38.1818,50.6494,55.8178,59.2784,24.5768,50.0241,240.22,1589503070.08,2.2249,0.0348,0.1023,0.8707,55.8178,89.491,0.2458
2025-12-31,54.4872,82.1429,36.1446,53.5484,54.5425,57.9487,24.677,49.4966,237.38,992322937.32,2.1434,0.0333,0.0804,0.9591,54.5425,89.0793,0.2468
2026-01-02,54.7771,82.2335,61.0778,64.7436,65.7707,63.7755,37.0464,60.0674,275.24,3056348632.96,2.1856,0.0337,0.2385,1.2757,65.7707,98.8776,0.3705
2026-01-05,54.4304,81.8182,58.3333,57.3248,65.239,62.4365,36.1907,57.9298,274.08,2689410274.08,2.1688,0.0336,0.2194,1.0783,65.239,94.9701,0.3619
2026-01-06,58.4906,84.9246,69.8225,72.1519,77.8172,76.7677,40.8076,67.4713,349.63,8478393941.34,2.4594,0.0399,0.5306,1.6961,77.8172,124.3844,0.4081
2026-01-07,59.375,85.5,69.4118,76.7296,78.2579,76.3819,39.8303,68.1057,353.56,5263104766.8,2.5901,0.0425,0.5255,2.0242,78.2579,123.7871,0.3983
2026-01-08,60.8696,88.5572,67.2515,66.875,70.9146,78.0,41.874,66.5403,334.54,7160550028.18,2.8257,0.0476,0.424,1.4853,70.9146,125.6799,0.4187
2026-01-09,62.963,91.5842,72.6744,76.3975,76.3104,82.5871,39.4893,70.5399,377.41,7304046677.62,3.0515,0.0532,0.5793,1.965,76.3104,129.9618,0.3949
2026-01-12,64.4172,94.5813,72.8324,71.6049,77.5511,82.1782,39.0025,70.3601,389.27,5684658511.14,3.1835,0.0575,0.6041,1.6976,77.5511,129.9016,0.39
2026-01-13,64.6341,95.098,72.4138,71.7791,77.6086,65.5172,39.3306,67.9426,389.81,4217182873.6,3.2244,0.0604,0.5811,1.7019,77.6086,111.1662,0.3933
2026-01-14,66.0606,96.0976,69.7143,73.7805,76.8237,65.1961,39.4032,67.901,387.81,4212551222.1,3.3262,0.0631,0.5493,1.7669,76.8237,110.2976,0.394
2026-01-15,70.4819,100.0,73.2955,73.3333,79.2458,65.3659,36.3892,69.4192,409.24,5789298518.12,3.4734,0.0692,0.6089,1.7644,79.2458,110.5491,0.3639
2026-01-16,82.0359,100.0,72.3164,74.0964,79.7125,64.0777,33.4512,70.4837,413.62,6495079823.44,3.6234,0.0753,0.5986,1.7706,79.7125,109.605,0.3345
2026-01-20,84.5238,100.0,80.3371,79.0419,83.3488,65.7005,36.5912,74.2809,453.12,8098353669.12,3.7953,0.0811,0.7198,2.0835,83.3488,111.1321,0.3659
2026-01-21,85.7988,100.0,92.1788,76.7857,86.5216,67.7885,38.0172,77.3464,501.29,10710028767.44,4.0165,0.0877,0.8611,2.0008,86.5216,112.4996,0.3802
2026-01-22,87.0588,100.0,91.6667,69.8225,86.6439,68.4211,40.1947,76.8223,503.44,10374632751.84,4.2358,0.0953,0.8332,1.7043,86.6439,112.8293,0.4019
2026-01-23,88.8889,100.0,77.9006,67.0588,76.3648,71.9048,42.4572,73.763,473.83,9979208065.05,4.4644,0.1039,0.6999,1.6847,76.3648,117.8668,0.4246
2026-01-26,90.1163,100.0,75.2747,66.6667,75.3793,72.5118,42.3821,73.3444,470.8,6325223423.2,4.5866,0.107,0.6652,1.6822,75.3793,118.6353,0.4238
2026-01-27,90.1734,100.0,76.5027,59.8837,76.5239,72.1698,44.1168,72.9045,481.43,6747534640.87,4.7152,0.1111,0.6792,1.3558,76.5239,118.1049,0.4412
2026-01-28,91.954,100.0,88.0435,68.2081,80.7194,71.831,46.3605,77.4337,527.63,8698584158.72,4.8847,0.1181,0.8046,1.6945,80.7194,117.9044,0.4636
2026-01-29,93.7143,100.0,88.6486,70.6897,81.6132,70.0935,48.1138,78.2827,539.3,12409475283.4,5.1199,0.1242,0.8092,1.7056,81.6132,116.2968,0.4811
2026-01-30,100.0,100.0,95.6989,74.2857,84.1231,69.7674,43.3563,80.6635,576.25,23587139336.25,5.5786,0.1424,0.8938,1.7837,84.1231,114.9337,0.4336
2026-02-02,100.0,100.0,100.0,82.9545,88.2744,68.0556,32.7942,81.3981,665.24,19136114225.2,5.8391,0.1578,1.1274,2.419,88.2744,114.4198,0.3279
2026-02-03,100.0,100.0,100.0,81.3559,89.2994,66.3594,32.6092,80.9786,695.51,21709114988.32,6.1289,0.1713,1.1621,2.2125,89.2994,112.9873,0.3261
2026-02-04,100.0,100.0,82.5397,73.5955,66.3907,66.9725,30.4521,73.8,584.55,16956366859.8,6.1468,0.175,0.7743,1.8145,66.3907,113.6241,0.3045
2026-02-05,100.0,100.0,75.7895,58.1006,65.0385,68.0365,34.4949,70.7565,576.2,15975401409.0,6.2462,0.1805,0.7099,1.406,65.0385,114.417,0.3449
2026-02-06,99.4475,100.0,78.0105,56.1111,66.928,61.3636,32.3867,69.6912,597.95,12752660230.9,6.2422,0.1825,0.7362,1.2316,66.928,110.5125,0.3239
2026-02-09,98.9011,100.0,70.8333,52.4862,64.4198,59.7285,31.0786,66.9378,583.4,8920606631.4,6.1832,0.1846,0.659,1.1482,64.4198,106.5077,0.3108
2026-02-10,98.3607,100.0,61.1399,43.956,57.7325,64.4144,33.7604,64.075,541.64,8614024820.72,6.1678,0.1869,0.5122,0.9132,57.7325,111.727,0.3376
2026-02-11,99.4565,100.0,70.1031,60.1093,63.3878,70.852,32.5171,69.7996,599.34,12269889858.24,6.2427,0.194,0.6388,1.4606,63.3878,115.4912,0.3252
2026-02-12,100.0,100.0,73.8462,60.3261,66.0145,70.5357,33.2326,70.9848,630.29,14698974811.59,6.3466,0.2002,0.6848,1.4799,66.0145,115.4725,0.3323
2026-02-13,100.0,100.0,69.3878,57.8378,65.4055,70.2222,33.4932,69.6511,626.56,14812008097.92,6.4072,0.2057,0.6379,1.3566,65.4055,115.3946,0.3349
2026-02-17,99.4652,100.0,60.4061,58.6022,59.6869,74.3363,34.4871,68.0835,590.59,11305545661.41,6.406,0.2095,0.5126,1.4113,59.6869,118.8544,0.3449
2026-02-18,100.0,100.0,59.0909,59.3583,60.6962,70.9251,34.7902,67.6488,600.4,15068486765.2,6.4112,0.2198,0.5078,1.441,60.6962,115.6503,0.3479
2026-02-19,97.8836,100.0,61.809,81.383,62.811,61.8421,32.4823,69.6816,621.09,12174272033.58,6.3207,0.2303,0.5296,2.1695,62.811,111.3295,0.3248
2026-02-20,95.7895,99.5652,64.5,82.5397,65.5939,63.3188,32.6342,70.5582,649.97,11128415207.13,6.2303,0.2278,0.5679,2.2455,65.5939,111.9712,0.3263
2026-02-23,94.2408,99.1342,64.6766,76.3158,67.11,57.8261,32.9154,68.7545,666.49,12376300077.79,6.1618,0.2263,0.5738,1.9366,67.11,108.6031,0.3292
2026-02-24,96.875,100.0,57.4257,75.3927,62.1189,59.3074,32.1914,67.262,638.52,19416275790.0,6.245,0.2356,0.4794,1.8958,62.1189,110.4043,0.3219
2026-02-25,94.8187,100.0,57.1429,76.5625,61.0456,60.3448,31.3988,67.0018,632.38,11737797423.52,6.2301,0.2398,0.4391,1.9408,61.0456,110.7153,0.314
2026-02-26,94.3299,100.0,57.3529,75.6477,63.2213,57.0815,28.7689,66.1669,651.9,15432240952.8,6.2143,0.244,0.4541,1.9197,63.2213,107.0673,0.2877
2026-02-27,91.2821,100.0,56.0976,77.8351,60.1554,57.265,27.5024,65.3177,635.36,11568620266.72,6.0797,0.2455,0.3903,2.0231,60.1554,107.731,0.275
2026-03-02,90.3061,98.7288,54.8544,77.4359,57.2144,55.7447,29.3708,64.4938,619.08,10846142926.08,5.7106,0.2368,0.3308,2.0148,57.2144,106.0988,0.2937
2026-03-03,89.3401,97.0464,44.9275,73.9796,48.7524,53.3898,37.0555,61.6301,565.41,11609846235.0,5.4535,0.2272,0.197,1.9088,48.7524,97.32,0.3706
2026-03-04,84.3434,96.2185,51.4423,71.066,53.4055,53.5865,33.646,61.6471,599.06,9353877397.48,5.1278,0.2205,0.2482,1.8084,53.4055,98.3838,0.3365
2026-03-05,80.9045,95.3975,38.756,57.5758,48.6718,42.437,31.506,54.0216,565.59,8728904310.48,4.8969,0.2134,0.1625,1.4756,48.6718,79.0688,0.3151
2026-03-06,78.0,94.5833,27.619,53.2663,43.8833,44.7699,40.497,51.8505,527.33,8494623446.19,4.6899,0.2086,0.0713,1.3388,43.8833,82.6452,0.405
2026-03-09,77.6119,94.1909,44.0758,63.5,52.0382,49.5833,32.2185,56.8751,588.73,12484315192.46,4.5974,0.2069,0.1795,1.6826,52.0382,91.146,0.3222
2026-03-10,75.7426,94.2149,49.0566,62.6866,55.462,50.2075,35.5255,58.4033,618.89,11222421490.16,4.5643,0.2082,0.2219,1.6578,55.462,92.3939,0.3553
2026-03-11,75.3695,94.6502,54.9296,68.3168,59.2568,49.1736,33.5542,60.3387,655.43,10366039681.76,4.5275,0.2095,0.2737,1.7128,59.2568,89.5736,0.3355
2026-03-12,74.5098,92.623,44.3925,77.8325,54.2678,45.679,35.3091,58.5671,618.82,10695642181.42,4.4295,0.2047,0.1853,2.0014,54.2678,85.6556,0.3531
2026-03-13,73.1707,92.6531,52.093,83.8235,58.6508,46.7213,35.344,61.4079,661.62,12442926566.34,4.3121,0.2057,0.2471,2.2775,58.6508,87.0919,0.3534
2026-03-16,71.8447,93.0894,56.0185,84.878,62.4544,49.3878,36.4205,63.1377,703.63,13654503757.63,4.2102,0.2066,0.3034,2.3617,62.4544,89.4949,0.3642
2026-03-17,71.0145,91.9028,56.682,85.9223,63.8639,45.5285,37.1827,62.8603,720.17,10645629998.19,4.1377,0.2055,0.3124,2.4819,63.8639,86.2881,0.3718
2026-03-18,70.1923,91.5323,57.3394,85.5072,66.6003,46.9636,34.3632,62.8351,753.69,15573320106.54,4.0598,0.2053,0.3499,2.4343,66.6003,87.1906,0.3436
2026-03-19,69.8565,90.7631,57.5342,82.2115,68.0313,46.371,32.1734,61.9781,772.09,16419163252.03,4.0426,0.2031,0.3622,2.2494,68.0313,86.9249,0.3217
2026-03-20,70.0,90.4,48.6364,74.6411,58.8286,51.004,34.8373,59.2225,709.71,16684172113.56,4.047,0.2015,0.2366,1.9442,58.8286,92.1198,0.3484
2026-03-23,69.1943,90.0398,45.2489,70.9524,57.8531,50.8,36.0783,57.8928,702.49,16104608539.64,4.0244,0.2002,0.2085,1.8685,57.8531,91.9201,0.3608
2026-03-24,67.4528,88.8889,43.6937,69.1943,57.8517,50.1992,35.7157,56.7971,702.48,10307167304.16,3.8304,0.1912,0.1952,1.809,57.8517,90.3517,0.3572
2026-03-25,67.1362,88.5375,34.0807,65.0943,54.2915,50.7937,37.9201,54.2407,677.86,13976453020.7,3.7992,0.1899,0.1421,1.7109,54.2915,91.3691,0.3792
2026-03-26,65.4206,87.7953,15.1786,53.9906,45.2033,56.917,42.7537,49.1978,603.17,11474611382.31,3.6865,0.185,0.009,1.4695,45.2033,100.1263,0.4275
2026-03-27,63.7209,87.0588,19.1111,57.4766,46.828,57.0866,44.1346,50.5737,615.83,10274639507.62,3.6224,0.1828,0.0223,1.5636,46.828,100.1423,0.4413
2026-03-30,61.1111,87.1094,3.0973,51.6279,42.2145,57.6471,46.3996,46.0697,572.5,11736927267.5,3.5857,0.1831,-0.0547,1.4117,42.2145,103.0096,0.464
2026-03-31,58.0645,85.9922,22.9075,49.0741,49.9204,58.5938,36.431,48.4973,635.34,13141938012.6,3.5535,0.1805,0.0414,1.3083,49.9204,104.4476,0.3643
2026-04-01,59.1743,87.2093,31.5789,57.1429,55.727,60.3113,49.9477,54.5958,692.73,15463446028.56,3.5784,0.1837,0.1266,1.5275,55.727,106.8091,0.4995
2026-04-02,59.3607,88.8031,32.7511,40.8257,56.5643,58.1395,53.5099,52.8623,701.59,12238493864.6,3.5796,0.1902,0.1337,1.0067,56.5643,104.0349,0.5351
2026-04-06,58.1818,89.6154,39.1304,41.5525,58.7492,55.5985,53.1059,53.9283,724.63,9256022899.61,3.5546,0.1969,0.1626,1.0495,58.7492,99.7449,0.5311
2026-04-07,54.7511,89.6552,32.4675,44.5455,56.899,52.6923,59.1764,52.8237,710.8,10239855880.0,3.484,0.1988,0.1318,1.1247,56.899,93.9351,0.5918
2026-04-08,52.7027,89.6947,50.8621,42.0814,63.2214,54.7893,63.0731,57.361,780.9,13196214352.5,3.4615,0.1991,0.2313,1.0691,63.2214,97.6882,0.6307
2026-04-09,52.9148,91.2548,58.7983,46.8468,68.2739,56.1069,61.4425,60.3092,851.57,14675635486.54,3.4656,0.2037,0.3272,1.1876,68.2739,100.0303,0.6144
2026-04-10,50.0,95.4545,58.547,46.6368,68.2872,53.9924,60.5996,59.7679,851.77,11365713094.57,3.4332,0.2115,0.3142,1.1851,68.2872,96.6718,0.606
2026-04-13,52.4444,96.6038,62.5532,54.4643,74.1542,57.197,60.3959,63.2617,952.5,19272980250.0,3.4537,0.222,0.4511,1.4561,74.1542,101.0229,0.604
2026-04-14,52.2124,97.7444,61.4407,49.7778,72.9934,56.2264,58.3931,61.8534,944.46,18720570444.84,3.4528,0.2283,0.4229,1.3078,72.9934,100.0924,0.5839
2026-04-15,51.5419,98.1273,59.0717,44.6903,65.7254,58.6466,57.9862,60.1294,891.72,14507631660.96,3.4512,0.2351,0.3344,1.1559,65.7254,103.2311,0.5799
2026-04-16,48.2456,98.5075,60.5042,39.6476,67.5559,57.3034,61.2642,59.6763,919.47,12736344888.51,3.3726,0.2365,0.3667,1.0292,67.5559,102.7002,0.6126
2026-04-17,48.4716,100.0,59.4142,34.2105,67.6578,57.0896,63.6089,59.1557,920.99,23628640380.03,3.383,0.2478,0.3554,0.8372,67.6578,102.5984,0.6361
2026-04-20,47.3913,100.0,57.9167,34.0611,66.4789,53.1599,63.1596,57.897,913.02,10320236659.14,3.2733,0.2595,0.3305,0.8136,66.4789,96.8534,0.6316
2026-04-21,45.4545,100.0,56.0166,35.2174,65.02,53.3333,62.1386,57.1269,903.49,9257056445.63,3.1632,0.2648,0.305,0.9068,65.02,96.8618,0.6214
2026-04-22,45.6897,100.0,61.9835,42.8571,70.5415,54.9815,61.5608,60.2142,979.07,15173062915.68,3.1755,0.2787,0.3982,1.0796,70.5415,99.6356,0.6156
2026-04-23,44.6352,100.0,57.2016,36.6379,63.8443,56.9853,60.2508,57.6011,932.43,11443108242.93,3.1126,0.2819,0.3169,0.9368,63.8443,100.6533,0.6025
2026-04-24,44.4444,100.0,61.4754,34.7639,67.8897,43.2234,52.5045,55.3245,989.9,11524856305.5,3.0803,0.2911,0.3828,0.8761,67.8897,88.5698,0.525
2026-04-27,44.6809,100.0,64.4898,39.7436,72.5168,46.7153,51.2546,57.5088,1070.2,13917337775.4,3.0829,0.3091,0.4768,0.9844,72.5168,90.5347,0.5125
2026-04-28,44.0678,100.0,60.5691,32.766,64.1103,45.0909,46.294,53.7576,1002.35,14152169626.5,3.0709,0.3237,0.369,0.7394,64.1103,89.4678,0.4629
2026-04-29,43.038,100.0,63.1579,31.3559,67.7779,40.5797,51.474,54.3765,1064.21,12078816490.51,3.0265,0.3512,0.4349,0.5997,67.7779,85.7749,0.5147
2026-04-30,42.437,100.0,64.5161,31.2236,69.5288,38.9892,38.4071,52.5146,1096.51,16544309549.52,2.9947,0.3599,0.4589,0.5766,69.5288,82.7638,0.3841
2026-05-01,45.6067,100.0,70.2811,42.0168,73.8208,39.5683,36.9836,56.0646,1187.0,27451567389.0,3.087,0.3869,0.5559,1.0306,73.8208,85.0142,0.3698
2026-05-04,47.0833,100.0,75.2,48.954,76.5299,40.8602,35.9884,58.6259,1255.86,22420867324.14,3.167,0.3983,0.6204,1.1796,76.5299,85.6675,0.3599
2026-05-05,49.7925,100.0,86.8526,53.75,81.1259,44.2857,37.7979,63.327,1406.3199,29066115020.379,3.2843,0.4342,0.7806,1.3519,81.1259,88.9143,0.378
2026-05-06,50.4132,100.0,84.5238,56.0166,81.2223,41.637,33.8421,62.3133,1409.98,29770405138.76,3.3719,0.472,0.751,1.4168,81.2223,86.6345,0.3384
2026-05-07,51.4403,100.0,75.0988,58.6777,73.4942,43.617,36.2932,60.8734,1339.96,21765420506.56,3.3843,0.4826,0.6353,1.4739,73.4942,88.3561,0.3629
2026-05-08,59.0164,100.0,93.7008,62.963,80.0021,56.1837,26.0508,67.3725,1562.34,32133624804.84,3.5,0.5073,0.8653,1.6068,80.0021,99.2779,0.2605
2026-05-11,58.7755,100.0,89.8039,56.9672,78.6204,52.8169,30.2619,65.6461,1547.5601,25560686495.0765,3.4924,0.5193,0.8082,1.4553,78.6204,95.3379,0.3026
2026-05-12,58.5366,100.0,76.5625,52.2449,70.1828,57.193,37.2546,63.1151,1452.02,24885285047.8,3.4854,0.531,0.6642,1.3174,70.1828,99.7685,0.3725
2026-05-13,55.8704,100.0,73.5409,56.9106,69.7785,53.4965,36.8527,62.1555,1447.23,16814866075.65,3.4639,0.5402,0.6258,1.4505,69.7785,95.8587,0.3685
2026-05-14,53.629,100.0,65.8915,51.0121,64.3976,56.0976,37.08,59.2909,1382.72,15505132102.72,3.4504,0.5451,0.5265,1.303,64.3976,98.9508,0.3708
2026-05-15,48.996,99.654,65.6371,50.4032,65.5029,55.5556,41.4826,59.1087,1407.61,19722388280.99,3.3676,0.5438,0.5256,1.2664,65.5029,98.7105,0.4148
2026-05-18,50.8,100.0,59.2308,41.3655,59.5367,59.8616,41.6059,56.8448,1333.01,18534580274.07,3.396,0.552,0.42,1.0509,59.5367,101.8362,0.4161
2026-05-19,51.7928,100.0,60.9195,42.4,62.0459,59.6552,42.0981,57.7804,1383.29,18410389204.28,3.432,0.5664,0.449,1.0755,62.0459,101.4118,0.421
2026-05-20,49.6032,99.6575,60.3053,47.8088,62.5075,56.0137,41.6786,57.5432,1392.5601,12729565944.1125,3.3813,0.56,0.4354,1.1809,62.5075,99.0676,0.4168
2026-05-21,51.7787,100.0,68.8213,56.746,69.0528,58.2192,47.2208,62.7642,1542.24,21199769841.6,3.4154,0.5801,0.5612,1.4388,69.0528,100.1235,0.4722
2026-05-22,51.1811,100.0,62.1212,50.9881,63.9483,60.4096,49.6083,60.6471,1478.6899,14279539793.6514,3.4059,0.585,0.4712,1.2683,63.9483,101.9621,0.4961
2026-05-26,51.7647,100.0,68.3019,62.2047,68.3444,59.8639,49.9454,64.0616,1589.55,20536483702.2,3.4145,0.5884,0.5529,1.5018,68.3444,101.5516,0.4995
2026-05-27,50.3906,100.0,66.1654,63.9216,68.359,52.5424,48.9751,62.4434,1589.9399,16526065861.8855,3.3971,0.5911,0.5268,1.5682,68.359,96.7994,0.4898
2026-05-28,50.1946,100.0,67.4157,76.9531,70.3158,52.027,49.6854,64.8437,1641.64,16422891044.56,3.3963,0.5959,0.549,1.9035,70.3158,95.8945,0.4969
2026-05-29,47.2868,100.0,70.1493,75.0973,72.2243,52.1886,48.9379,64.7789,1694.98,14832990327.4,3.3508,0.5991,0.5715,1.8294,72.2243,95.921,0.4894
2026-06-01,45.5598,98.3278,72.119,83.3333,74.43,48.9933,52.5146,66.2597,1761.4301,17053674789.2021,3.2324,0.5825,0.6036,2.1143,74.43,93.7435,0.5251
2026-06-02,43.0769,97.6667,66.2963,85.7143,70.3495,49.8328,53.6264,64.8984,1716.36,12174611762.64,3.1272,0.5789,0.5345,2.2548,70.3495,94.0274,0.5363
2026-06-03,39.8467,96.6777,72.6937,82.6923,74.2356,41.6667,52.2887,64.1042,1831.5,21766545999.0,3.0285,0.5585,0.605,2.1109,74.2356,88.8057,0.5229
2026-06-04,38.5496,95.3642,63.2353,74.3295,68.2287,45.8472,54.4897,60.9887,1759.6801,18508950536.3161,2.9082,0.5434,0.514,1.8433,68.2287,90.7471,0.5449
2026-06-05,37.6426,94.0594,51.2821,53.0534,54.8859,57.947,63.6902,57.0009,1559.3199,20721781879.9413,2.8646,0.5185,0.3216,1.3791,54.8859,100.0105,0.6369
2026-06-08,36.7424,93.4211,54.7445,64.6388,58.4931,38.2838,59.6728,56.041,1642.0,13446810896.0,2.7018,0.4918,0.3676,1.6534,58.4931,85.821,0.5967
2026-06-09,36.6038,92.7869,52.7273,60.2273,58.6885,37.8289,57.6346,54.5372,1646.54,26709521496.7,2.6679,0.4727,0.3482,1.4886,58.6885,85.704,0.5763
2026-06-10,35.7143,92.1569,51.087,50.9434,58.4724,35.082,57.0132,52.0932,1643.23,17027045736.51,2.584,0.4601,0.3223,1.3354,58.4724,82.0435,0.5701
2026-06-11,36.3296,91.8567,61.7329,63.5338,67.6928,50.0,55.5706,59.1166,1881.51,25888482561.18,2.611,0.4536,0.4843,1.6126,67.6928,93.8426,0.5557
2026-06-12,36.5672,91.8831,66.5468,64.4195,70.6014,47.2313,55.2746,60.0817,1980.1,23690759922.6,2.6342,0.4591,0.531,1.6272,70.6014,92.077,0.5527
2026-06-15,36.0595,91.5858,72.043,70.5224,73.8827,49.3506,57.1134,62.9123,2107.8601,19300066638.4437,2.6028,0.4581,0.5951,1.7301,73.8827,93.4259,0.5711
2026-06-16,35.1852,90.9677,60.7143,72.8625,66.5953,49.5146,53.6607,59.5826,1991.55,19095905479.2,2.5792,0.4504,0.4787,1.8061,66.5953,93.6736,0.5366
2026-06-17,35.0554,90.6752,57.2954,72.5926,64.6613,51.2903,55.2003,59.1135,1958.8,17986720176.0,2.5509,0.4372,0.4279,1.7884,64.6613,94.3174,0.552
2026-06-18,36.7647,90.7051,69.1489,83.0258,70.9331,58.1994,55.06,64.9511,2184.75,26606556218.25,2.6086,0.4398,0.5607,2.1101,70.9331,99.6395,0.5506
2026-06-22,35.8974,90.7348,72.0848,87.1324,72.9678,52.5641,54.1755,65.2526,2273.73,22686366174.27,2.5869,0.4403,0.5919,2.3543,72.9678,95.4082,0.5418
2026-06-23,37.5912,90.7643,52.1127,86.0806,57.7853,69.3291,61.3162,63.4251,1963.6,25268195843.6,2.6252,0.4438,0.3537,2.2555,57.7853,110.3894,0.6132
2026-06-24,36.3636,89.8413,47.0175,82.1168,55.8039,68.1529,58.4296,60.7275,1914.46,19951070103.92,2.594,0.4376,0.3026,2.1087,55.8039,109.0041,0.5843
2026-06-25,38.4058,91.4557,68.8811,92.3636,66.4165,87.3016,59.3676,71.1792,2335.0,35095425935.0,2.6669,0.454,0.5592,3.0786,66.4165,127.9132,0.5937
2026-06-26,39.7112,92.429,54.3554,86.2319,57.7426,91.4557,63.0558,67.9564,2090.71,35263913578.76,2.7387,0.4643,0.3741,2.2907,57.7426,135.7844,0.6306
2026-06-29,39.9281,92.7673,50.0,77.6173,56.4326,91.4826,60.1179,65.2919,2050.3899,23068760431.3686,2.7588,0.4724,0.3278,1.9599,56.4326,136.013,0.6012
2026-06-30,40.1434,93.1034,58.4775,84.1727,61.6259,92.1384,59.5369,68.5671,2273.73,26044087856.85,2.779,0.4778,0.4471,2.2408,61.6259,139.7473,0.5954
2026-07-01,40.3571,93.4375,45.8621,70.6093,54.1141,98.4326,61.225,64.5212,2032.22,22469293267.72,2.8115,0.483,0.2752,1.8045,54.1141,146.1356,0.6122
2026-07-02,40.9253,93.4579,23.0241,53.5714,46.8068,100.0,64.4834,57.4783,1745.0,30268899130.0,2.8218,0.4898,0.0835,1.455,46.8068,155.0794,0.6448
2026-07-06,40.0709,93.1677,21.5753,45.1957,46.7933,99.6885,63.5077,55.5806,1744.4301,15986356910.8929,2.7854,0.487,0.073,1.2339,46.7933,154.4422,0.6351
2026-07-07,39.576,94.1176,7.5085,30.1418,43.7697,98.4472,61.7276,49.7743,1617.7,23506379715.7,2.771,0.5094,-0.0133,0.8997,43.7697,150.5335,0.6173
2026-07-08,40.493,94.7531,18.3673,35.3357,46.9583,98.452,63.8611,53.5659,1727.1801,20809984704.6132,2.7872,0.5196,0.0441,1.0278,46.9583,151.2186,0.6386
