date,close,score,pos
2023-01-03,31.41,,1.0
2023-01-04,33.05,,1.0
2023-01-05,35.23,,1.0
2023-01-06,37.17,,1.0
2023-01-09,37.59,,1.0
2023-01-10,38.17,,1.0
2023-01-11,38.42,,1.0
2023-01-12,37.96,,1.0
2023-01-13,37.22,,1.0
2023-01-17,37.32,,1.0
2023-01-18,37.47,,1.0
2023-01-19,37.55,,1.0
2023-01-20,38.46,,1.0
2023-01-23,41.79,,1.0
2023-01-24,41.1,,1.0
2023-01-25,41.31,,1.0
2023-01-26,43.76,,1.0
2023-01-27,44.97,70.737,1.0
2023-01-30,44.24,67.802,1.0
2023-01-31,43.95,68.475,1.0
2023-02-01,43.32,66.903,1.0
2023-02-02,44.58,66.954,1.0
2023-02-03,43.25,63.38,1.0
2023-02-06,42.25,60.304,1.0
2023-02-07,43.08,61.402,1.0
2023-02-08,42.74,58.978,1.0
2023-02-09,41.99,60.071,1.0
2023-02-10,43.01,60.858,1.0
2023-02-13,43.04,58.762,1.0
2023-02-14,43.64,59.077,1.0
2023-02-15,43.67,59.482,1.0
2023-02-16,42.57,59.937,1.0
2023-02-17,41.58,60.82,1.0
2023-02-21,40.05,44.975,1.0
2023-02-22,39.57,43.574,1.0
2023-02-23,39.79,44.609,1.0
2023-02-24,39.11,38.853,1.0
2023-02-27,38.51,35.152,1.0
2023-02-28,38.48,31.038,1.0
2023-03-01,38.12,29.043,1.0
2023-03-02,38.38,27.522,1.0
2023-03-03,38.59,26.318,1.0
2023-03-06,37.78,23.525,1.0
2023-03-07,37.31,22.979,1.0
2023-03-08,37.9,20.665,1.0
2023-03-09,37.06,18.927,1.0
2023-03-10,36.06,20.096,1.0
2023-03-13,35.32,20.933,1.0
2023-03-14,35.29,19.816,1.0
2023-03-15,34.39,16.995,1.0
2023-03-16,35.34,19.315,1.0
2023-03-17,35.08,19.331,1.0
2023-03-20,35.2,20.654,1.0
2023-03-21,35.47,21.765,1.0
2023-03-22,34.7,17.969,1.0
2023-03-23,35.27,20.555,1.0
2023-03-24,35.26,19.741,1.0
2023-03-27,35.21,22.222,1.0
2023-03-28,34.61,28.525,1.0
2023-03-29,36.6,36.748,1.0
2023-03-30,37.28,38.971,1.0
2023-03-31,37.67,39.093,1.0
2023-04-03,37.2,34.829,1.0
2023-04-04,35.94,30.669,1.0
2023-04-05,35.06,29.108,1.0
2023-04-06,35.15,30.003,1.0
2023-04-10,38.04,45.672,1.0
2023-04-11,38.37,44.532,1.0
2023-04-12,38.0,44.795,1.0
2023-04-13,36.88,43.143,1.0
2023-04-14,35.46,40.97,1.0
2023-04-17,36.02,43.323,1.0
2023-04-18,35.72,40.474,1.0
2023-04-19,34.62,37.47,1.0
2023-04-20,33.32,35.894,1.0
2023-04-21,33.44,37.336,1.0
2023-04-24,32.9,35.574,1.0
2023-04-25,32.09,32.885,1.0
2023-04-26,32.68,36.952,1.0
2023-04-27,32.76,33.405,1.0
2023-04-28,34.44,44.644,1.0
2023-05-01,34.06,43.603,1.0
2023-05-02,33.47,43.246,1.0
2023-05-03,33.05,40.823,1.0
2023-05-04,33.04,38.158,1.0
2023-05-05,33.45,39.328,1.0
2023-05-08,34.18,34.598,1.0
2023-05-09,33.6,33.115,1.0
2023-05-10,32.88,30.617,1.0
2023-05-11,32.55,26.48,1.0
2023-05-12,33.03,26.626,1.0
2023-05-15,36.75,52.727,1.0
2023-05-16,36.61,53.047,1.0
2023-05-17,36.98,53.918,1.0
2023-05-18,38.74,60.372,1.0
2023-05-19,38.32,58.686,1.0
2023-05-22,38.37,58.847,1.0
2023-05-23,37.8,57.879,1.0
2023-05-24,37.23,56.623,1.0
2023-05-25,37.85,57.78,1.0
2023-05-26,39.71,62.737,1.0
2023-05-30,39.95,63.082,1.0
2023-05-31,38.73,65.14,1.0
2023-06-01,38.97,66.08,1.0
2023-06-02,40.24,68.795,1.0
2023-06-05,39.0,67.608,1.0
2023-06-06,39.48,68.453,1.0
2023-06-07,40.02,69.048,1.0
2023-06-08,40.1,69.078,1.0
2023-06-09,39.78,67.499,1.0
2023-06-12,40.31,68.096,1.0
2023-06-13,40.58,56.131,1.0
2023-06-14,40.46,55.53,1.0
2023-06-15,41.08,56.611,1.0
2023-06-16,40.47,54.7,1.0
2023-06-20,39.12,51.894,1.0
2023-06-21,38.42,50.777,1.0
2023-06-22,38.35,50.34,1.0
2023-06-23,37.86,50.812,1.0
2023-06-26,37.56,48.464,1.0
2023-06-27,38.21,48.35,1.0
2023-06-28,37.85,43.858,1.0
2023-06-29,37.6,40.913,1.0
2023-06-30,37.93,41.685,1.0
2023-07-03,38.51,42.851,1.0
2023-07-05,37.66,40.086,1.0
2023-07-06,37.36,36.976,1.0
2023-07-07,37.67,36.948,1.0
2023-07-10,37.87,38.229,1.0
2023-07-11,38.36,42.084,1.0
2023-07-12,38.42,42.972,1.0
2023-07-13,39.36,43.04,1.0
2023-07-14,39.66,48.45,1.0
2023-07-17,39.14,47.719,1.0
2023-07-18,38.46,44.89,1.0
2023-07-19,38.93,44.931,1.0
2023-07-20,38.28,43.623,1.0
2023-07-21,38.3,44.274,1.0
2023-07-24,38.92,45.09,1.0
2023-07-25,38.64,44.759,1.0
2023-07-26,38.88,40.575,1.0
2023-07-27,41.68,57.349,1.0
2023-07-28,42.03,59.031,1.0
2023-07-31,42.56,61.906,1.0
2023-08-01,42.87,64.402,1.0
2023-08-02,42.42,63.729,1.0
2023-08-03,43.26,65.871,1.0
2023-08-04,43.45,66.542,1.0
2023-08-07,43.5,65.001,1.0
2023-08-08,43.16,65.017,1.0
2023-08-09,42.58,63.714,1.0
2023-08-10,42.15,61.501,1.0
2023-08-11,41.88,57.218,1.0
2023-08-14,42.6,57.482,1.0
2023-08-15,41.05,52.441,1.0
2023-08-16,40.42,50.238,1.0
2023-08-17,40.29,48.696,1.0
2023-08-18,39.74,47.016,1.0
2023-08-21,40.4,48.782,1.0
2023-08-22,40.42,47.711,1.0
2023-08-23,41.05,48.275,1.0
2023-08-24,39.87,36.967,1.0
2023-08-25,39.49,32.165,1.0
2023-08-28,41.41,38.554,1.0
2023-08-29,41.55,35.916,1.0
2023-08-30,42.52,39.649,1.0
2023-08-31,45.0,49.298,1.0
2023-09-01,45.96,50.934,1.0
2023-09-05,45.79,51.751,1.0
2023-09-06,45.44,50.916,1.0
2023-09-07,43.43,46.256,1.0
2023-09-08,43.47,46.0,1.0
2023-09-11,42.9,44.984,1.0
2023-09-12,42.3,43.977,1.0
2023-09-13,43.22,46.844,1.0
2023-09-14,43.69,49.449,1.0
2023-09-15,43.6,51.367,1.0
2023-09-18,43.65,51.572,1.0
2023-09-19,43.92,53.757,1.0
2023-09-20,45.65,62.632,1.0
2023-09-21,44.44,61.287,1.0
2023-09-22,45.14,63.864,1.0
2023-09-25,44.62,62.809,1.0
2023-09-26,44.27,60.407,1.0
2023-09-27,44.56,60.367,1.0
2023-09-28,45.8,62.736,1.0
2023-09-29,45.63,56.892,1.0
2023-10-02,45.47,55.462,1.0
2023-10-03,44.82,51.986,1.0
2023-10-04,45.29,51.903,1.0
2023-10-05,46.11,53.139,1.0
2023-10-06,46.4,52.363,1.0
2023-10-09,45.4,48.782,1.0
2023-10-10,45.35,47.804,1.0
2023-10-11,46.39,51.865,1.0
2023-10-12,45.62,50.262,1.0
2023-10-13,45.7,50.304,1.0
2023-10-16,45.75,50.629,1.0
2023-10-17,44.14,47.547,1.0
2023-10-18,44.45,44.671,1.0
2023-10-19,43.06,40.92,1.0
2023-10-20,42.86,36.783,1.0
2023-10-23,41.81,35.995,1.0
2023-10-24,42.96,39.864,1.0
2023-10-25,42.18,38.712,1.0
2023-10-26,38.26,42.105,1.0
2023-10-27,38.97,45.566,1.0
2023-10-30,41.8,60.917,1.0
2023-10-31,40.15,59.49,1.0
2023-11-01,41.74,65.224,1.0
2023-11-02,42.16,66.891,1.0
2023-11-03,43.01,69.049,1.0
2023-11-06,43.17,69.138,1.0
2023-11-07,43.09,68.46,1.0
2023-11-08,43.255,69.518,1.0
2023-11-09,44.18,73.106,1.0
2023-11-10,45.0,76.036,1.0
2023-11-13,45.18,76.833,1.0
2023-11-14,45.87,77.973,1.0
2023-11-15,46.03,78.419,1.0
2023-11-16,46.01,76.698,1.0
2023-11-17,46.62,79.649,1.0
2023-11-20,47.35,81.178,1.0
2023-11-21,46.24,75.5,1.0
2023-11-22,46.91,77.108,1.0
2023-11-24,46.6,64.092,1.0
2023-11-27,47.21,63.778,1.0
2023-11-28,46.89,59.766,1.0
2023-11-29,47.32,58.927,1.0
2023-11-30,48.31,58.306,1.0
2023-12-01,48.39,60.554,1.0
2023-12-04,47.47,57.788,1.0
2023-12-05,46.77,57.602,1.0
2023-12-06,46.82,57.836,1.0
2023-12-07,47.31,59.296,1.0
2023-12-08,47.86,61.475,1.0
2023-12-11,49.24,65.598,1.0
2023-12-12,49.62,66.71,1.0
2023-12-13,50.43,67.874,1.0
2023-12-14,51.15,68.055,1.0
2023-12-15,50.68,67.622,1.0
2023-12-18,50.52,66.685,1.0
2023-12-19,50.94,67.693,1.0
2023-12-20,49.41,62.249,1.0
2023-12-21,52.38,70.723,1.0
2023-12-22,52.66,69.013,1.0
2023-12-26,52.76,69.025,1.0
2023-12-27,52.42,68.398,1.0
2023-12-28,52.93,69.77,1.0
2023-12-29,52.37,67.219,1.0
2024-01-02,50.86,61.954,1.0
2024-01-03,50.34,61.441,1.0
2024-01-04,50.02,61.224,1.0
2024-01-05,50.05,60.2,1.0
2024-01-08,50.19,58.82,1.0
2024-01-09,49.43,56.558,1.0
2024-01-10,50.51,58.267,1.0
2024-01-11,50.6,57.546,1.0
2024-01-12,50.005,55.279,1.0
2024-01-16,52.23,63.158,1.0
2024-01-17,52.32,63.67,1.0
2024-01-18,53.55,67.232,1.0
2024-01-19,54.77,70.467,1.0
2024-01-22,57.0,74.368,1.0
2024-01-23,57.73,72.67,1.0
2024-01-24,58.03,73.402,1.0
2024-01-25,60.33,76.443,1.0
2024-01-26,58.23,75.752,1.0
2024-01-29,59.75,76.724,1.0
2024-01-30,58.12,75.084,1.0
2024-01-31,57.25,74.039,1.0
2024-02-01,57.4,72.964,1.0
2024-02-02,58.16,73.772,1.0
2024-02-05,58.47,74.026,1.0
2024-02-06,58.45,73.197,1.0
2024-02-07,57.94,71.467,1.0
2024-02-08,57.12,69.796,1.0
2024-02-09,56.82,69.11,1.0
2024-02-12,57.32,69.465,1.0
2024-02-13,55.34,63.092,1.0
2024-02-14,56.08,64.957,1.0
2024-02-15,56.01,64.36,1.0
2024-02-16,54.0,59.412,1.0
2024-02-20,54.13,57.538,1.0
2024-02-21,53.39,53.228,1.0
2024-02-22,55.7,62.79,1.0
2024-02-23,56.06,60.557,1.0
2024-02-26,57.08,62.701,1.0
2024-02-27,57.48,62.144,1.0
2024-02-28,57.46,60.104,1.0
2024-02-29,59.47,64.953,1.0
2024-03-01,64.3,76.083,1.0
2024-03-04,64.32,76.488,1.0
2024-03-05,63.49,75.416,1.0
2024-03-06,64.7,76.142,1.0
2024-03-07,64.28,74.788,1.0
2024-03-08,63.0,72.099,1.0
2024-03-11,62.05,71.284,1.0
2024-03-12,62.97,72.18,1.0
2024-03-13,62.48,69.923,1.0
2024-03-14,60.8,68.254,1.0
2024-03-15,59.79,65.193,1.0
2024-03-18,59.31,62.521,1.0
2024-03-19,59.81,63.991,1.0
2024-03-20,60.72,63.789,1.0
2024-03-21,63.74,72.26,1.0
2024-03-22,63.94,71.986,1.0
2024-03-25,64.98,73.322,1.0
2024-03-26,68.15,78.381,1.0
2024-03-27,67.64,78.135,1.0
2024-03-28,68.24,78.468,1.0
2024-04-01,70.85,76.661,1.0
2024-04-02,68.83,75.275,1.0
2024-04-03,71.62,77.164,1.0
2024-04-04,70.54,76.062,1.0
2024-04-05,73.11,77.691,1.0
2024-04-08,72.95,77.373,1.0
2024-04-09,72.65,76.344,1.0
2024-04-10,72.25,76.201,1.0
2024-04-11,73.9,76.768,1.0
2024-04-12,72.06,74.941,1.0
2024-04-15,70.43,72.922,1.0
2024-04-16,71.06,73.151,1.0
2024-04-17,70.17,71.396,1.0
2024-04-18,68.32,68.563,1.0
2024-04-19,66.05,62.183,1.0
2024-04-22,67.05,60.952,1.0
2024-04-23,69.92,69.411,1.0
2024-04-24,69.55,65.596,1.0
2024-04-25,69.44,64.974,1.0
2024-04-26,71.36,69.158,1.0
2024-04-29,69.86,65.393,1.0
2024-04-30,70.83,65.699,1.0
2024-05-01,70.51,62.812,1.0
2024-05-02,69.72,60.694,1.0
2024-05-03,70.95,63.326,1.0
2024-05-06,72.6,65.819,1.0
2024-05-07,71.49,63.874,1.0
2024-05-08,72.04,64.26,1.0
2024-05-09,72.09,63.72,1.0
2024-05-10,71.6,61.526,1.0
2024-05-13,70.97,58.252,1.0
2024-05-14,73.54,65.3,1.0
2024-05-15,75.69,68.813,1.0
2024-05-16,74.1,65.231,1.0
2024-05-17,72.1,60.544,1.0
2024-05-20,73.05,62.087,1.0
2024-05-21,74.01,61.636,1.0
2024-05-22,73.54,58.243,1.0
2024-05-23,74.16,59.474,1.0
2024-05-24,74.81,59.2,1.0
2024-05-28,76.14,58.699,1.0
2024-05-29,77.43,60.546,1.0
2024-05-30,75.51,57.673,1.0
2024-05-31,75.29,56.059,1.0
2024-06-03,74.98,54.684,1.0
2024-06-04,73.94,52.214,1.0
2024-06-05,76.9,61.194,1.0
2024-06-06,75.25,57.02,1.0
2024-06-07,74.98,57.454,1.0
2024-06-10,77.1,63.21,1.0
2024-06-11,76.52,62.06,1.0
2024-06-12,79.19,66.458,1.0
2024-06-13,79.58,65.825,1.0
2024-06-14,78.12,62.472,1.0
2024-06-17,79.86,62.73,1.0
2024-06-18,80.23,62.487,1.0
2024-06-20,76.29,56.61,1.0
2024-06-21,75.77,54.107,1.0
2024-06-24,75.4,53.449,1.0
2024-06-25,76.86,56.312,1.0
2024-06-26,75.47,51.799,1.0
2024-06-27,76.62,53.705,1.0
2024-06-28,75.77,49.821,1.0
2024-07-01,76.38,50.233,1.0
2024-07-02,78.05,52.624,1.0
2024-07-03,77.79,50.736,1.0
2024-07-05,77.17,46.76,1.0
2024-07-08,78.5,48.701,1.0
2024-07-09,78.43,46.946,1.0
2024-07-10,80.24,52.432,1.0
2024-07-11,77.84,47.951,1.0
2024-07-12,78.77,47.052,1.0
2024-07-15,78.82,46.784,1.0
2024-07-16,77.06,44.479,1.0
2024-07-17,71.79,45.209,1.0
2024-07-18,70.24,42.929,1.0
2024-07-19,69.82,40.291,1.0
2024-07-22,73.06,45.253,1.0
2024-07-23,72.96,44.836,1.0
2024-07-24,72.01,42.114,1.0
2024-07-25,66.49,44.147,1.0
2024-07-26,68.26,46.94,1.0
2024-07-29,66.43,44.935,1.0
2024-07-30,63.18,45.108,1.0
2024-07-31,67.05,50.865,1.0
2024-08-01,60.53,49.806,1.0
2024-08-02,57.23,50.701,1.0
2024-08-05,56.99,49.892,1.0
2024-08-06,57.38,50.377,1.0
2024-08-07,56.25,49.289,1.0
2024-08-08,58.98,51.095,1.0
2024-08-09,59.68,51.544,1.0
2024-08-12,60.37,51.76,1.0
2024-08-13,61.58,53.095,1.0
2024-08-14,61.51,52.383,1.0
2024-08-15,63.5,53.713,1.0
2024-08-16,64.05,54.874,1.0
2024-08-19,65.1,55.234,1.0
2024-08-20,64.42,55.083,1.0
2024-08-21,65.03,55.818,1.0
2024-08-22,64.04,53.137,1.0
2024-08-23,64.35,52.429,1.0
2024-08-26,62.69,50.489,1.0
2024-08-27,62.85,49.839,1.0
2024-08-28,62.43,47.875,1.0
2024-08-29,63.03,39.491,1.0
2024-08-30,65.59,36.617,1.0
2024-09-03,63.06,35.63,1.0
2024-09-04,62.95,33.232,1.0
2024-09-05,62.61,30.289,1.0
2024-09-06,60.77,27.11,1.0
2024-09-09,62.61,30.142,1.0
2024-09-10,62.79,29.213,1.0
2024-09-11,63.31,29.234,1.0
2024-09-12,63.25,27.894,1.0
2024-09-13,65.02,28.489,1.0
2024-09-16,64.09,28.72,1.0
2024-09-17,65.89,31.217,1.0
2024-09-18,64.42,30.358,1.0
2024-09-19,65.97,31.709,1.0
2024-09-20,66.75,34.215,1.0
2024-09-23,66.29,33.814,1.0
2024-09-24,66.46,34.723,1.0
2024-09-25,66.0,33.807,1.0
2024-09-26,70.46,51.834,1.0
2024-09-27,69.42,50.246,1.0
2024-09-30,68.29,46.847,1.0
2024-10-01,66.76,40.53,1.0
2024-10-02,66.52,40.982,1.0
2024-10-03,66.58,41.441,1.0
2024-10-04,66.35,40.403,1.0
2024-10-07,66.44,38.753,1.0
2024-10-08,66.17,37.468,1.0
2024-10-09,64.48,36.404,1.0
2024-10-10,64.05,37.249,1.0
2024-10-11,64.88,37.834,1.0
2024-10-14,66.83,42.423,1.0
2024-10-15,66.95,40.609,1.0
2024-10-16,67.79,42.222,1.0
2024-10-17,67.35,39.266,1.0
2024-10-18,67.03,38.356,1.0
2024-10-21,67.26,39.538,1.0
2024-10-22,67.76,41.948,1.0
2024-10-23,66.61,39.568,1.0
2024-10-24,66.32,31.881,1.0
2024-10-25,69.45,49.087,1.0
2024-10-28,69.71,52.375,1.0
2024-10-29,68.3,45.142,1.0
2024-10-30,67.02,42.478,1.0
2024-10-31,65.31,39.254,1.0
2024-11-01,65.88,37.678,1.0
2024-11-04,65.22,36.068,1.0
2024-11-05,66.83,39.747,1.0
2024-11-06,69.91,49.992,1.0
2024-11-07,70.44,51.734,1.0
2024-11-08,69.61,46.856,1.0
2024-11-11,67.38,41.694,1.0
2024-11-12,63.96,41.379,1.0
2024-11-13,62.73,40.734,1.0
2024-11-14,63.22,40.794,1.0
2024-11-15,62.8,40.068,1.0
2024-11-18,64.58,42.648,1.0
2024-11-19,65.29,42.67,1.0
2024-11-20,63.84,42.117,1.0
2024-11-21,65.88,44.619,1.0
2024-11-22,66.43,39.726,1.0
2024-11-25,69.425,46.828,1.0
2024-11-26,73.02,61.276,1.0
2024-11-27,71.5,59.428,1.0
2024-11-29,72.99,62.55,1.0
2024-12-02,73.43,64.875,1.0
2024-12-03,71.69,59.423,1.0
2024-12-04,72.34,60.502,1.0
2024-12-05,72.11,57.641,1.0
2024-12-06,71.07,54.292,1.0
2024-12-09,70.74,51.4,1.0
2024-12-10,68.82,45.52,1.0
2024-12-11,69.9,42.302,1.0
2024-12-12,65.99,39.092,1.0
2024-12-13,65.12,38.626,1.0
2024-12-16,65.3,40.181,1.0
2024-12-17,64.64,38.851,1.0
2024-12-18,63.54,37.524,1.0
2024-12-19,59.62,40.885,1.0
2024-12-20,60.24,40.304,1.0
2024-12-23,61.56,41.545,1.0
2024-12-24,61.7,39.474,1.0
2024-12-26,61.71,34.35,1.0
2024-12-27,60.7,30.911,1.0
2024-12-30,59.62,29.198,1.0
2024-12-31,59.63,28.777,1.0
2025-01-02,61.87,33.428,1.0
2025-01-03,64.07,39.205,1.0
2025-01-06,65.65,43.395,1.0
2025-01-07,64.87,42.372,1.0
2025-01-08,64.06,41.455,1.0
2025-01-10,62.82,38.759,1.0
2025-01-13,62.02,38.031,1.0
2025-01-14,62.74,35.61,1.0
2025-01-15,64.63,38.33,1.0
2025-01-16,64.25,38.013,1.0
2025-01-17,65.04,40.362,1.0
2025-01-21,67.43,45.516,1.0
2025-01-22,68.63,41.588,1.0
2025-01-23,68.68,39.771,1.0
2025-01-24,67.41,38.321,1.0
2025-01-27,64.4,39.252,1.0
2025-01-28,62.87,39.598,1.0
2025-01-29,62.8,41.425,1.0
2025-01-30,65.78,49.145,1.0
2025-01-31,65.13,49.259,1.0
2025-02-03,64.42,47.903,1.0
2025-02-04,63.81,45.524,1.0
2025-02-05,64.72,46.297,1.0
2025-02-06,64.48,45.484,1.0
2025-02-07,64.46,45.534,1.0
2025-02-10,69.04,60.279,1.0
2025-02-11,68.92,61.786,1.0
2025-02-12,67.28,58.725,1.0
2025-02-13,67.56,59.074,1.0
2025-02-14,68.39,62.039,1.0
2025-02-18,72.03,71.026,1.0
2025-02-19,71.5,68.261,1.0
2025-02-20,71.29,69.255,1.0
2025-02-21,68.705,62.157,1.0
2025-02-24,49.02,43.621,1.0
2025-02-25,49.07,43.519,1.0
2025-02-26,50.16,43.833,1.0
2025-02-27,48.2,43.024,1.0
2025-02-28,48.93,42.224,1.0
2025-03-03,47.01,41.763,1.0
2025-03-04,44.63,40.603,1.0
2025-03-05,44.2,39.378,1.0
2025-03-06,41.45,38.851,1.0
2025-03-07,41.7,38.668,1.0
2025-03-10,40.54,38.209,1.0
2025-03-11,41.8,37.471,1.0
2025-03-12,42.96,37.621,1.0
2025-03-13,42.03,36.954,1.0
2025-03-14,44.53,38.59,1.0
2025-03-17,44.75,38.262,1.0
2025-03-18,44.34,36.339,1.0
2025-03-19,44.9,36.548,1.0
2025-03-20,44.51,36.55,1.0
2025-03-21,43.66,34.998,1.0
2025-03-24,44.31,32.165,1.0
2025-03-25,43.39,29.979,1.0
2025-03-26,42.62,29.09,1.0
2025-03-27,41.91,28.328,1.0
2025-03-28,40.62,26.962,1.0
2025-03-31,40.43,27.032,1.0
2025-04-01,40.89,25.323,1.0
2025-04-02,41.78,26.451,1.0
2025-04-03,34.15,29.414,1.0
2025-04-04,30.54,31.38,1.0
2025-04-07,31.16,30.564,1.0
2025-04-08,31.55,31.457,1.0
2025-04-09,36.3,34.088,1.0
2025-04-10,34.87,33.076,1.0
2025-04-11,34.4,32.557,1.0
2025-04-14,35.82,33.522,1.0
2025-04-15,35.93,33.61,1.0
2025-04-16,35.62,33.732,1.0
2025-04-17,36.51,35.087,1.0
2025-04-21,35.96,34.555,1.0
2025-04-22,36.68,35.099,1.0
2025-04-23,37.7,35.41,1.0
2025-04-24,40.17,36.741,1.0
2025-04-25,40.78,37.616,1.0
2025-04-28,40.91,38.326,1.0
2025-04-29,40.62,38.301,1.0
2025-04-30,43.86,45.219,1.0
2025-05-01,43.95,47.484,1.0
2025-05-02,44.69,50.903,1.0
2025-05-05,45.03,50.454,1.0
2025-05-06,44.29,48.331,1.0
2025-05-07,44.3,46.781,1.0
2025-05-08,44.3,40.446,1.0
2025-05-09,44.1,36.439,1.0
2025-05-12,46.57,43.639,1.0
2025-05-13,49.01,46.34,1.0
2025-05-14,49.2,50.469,1.0
2025-05-15,49.75,51.452,1.0
2025-05-16,49.99,51.466,1.0
2025-05-19,50.72,51.011,1.0
2025-05-20,50.63,55.329,1.0
2025-05-21,49.49,55.781,1.0
2025-05-22,49.84,52.896,1.0
2025-05-23,50.18,54.458,1.0
2025-05-27,51.82,56.165,1.0
2025-05-28,52.35,58.179,1.0
2025-05-29,52.55,54.05,1.0
2025-05-30,51.55,54.203,1.0
2025-06-02,52.19,55.54,1.0
2025-06-03,53.77,56.977,1.0
2025-06-04,54.43,57.618,1.0
2025-06-05,55.05,58.389,1.0
2025-06-06,55.45,58.233,1.0
2025-06-09,57.02,60.183,1.0
2025-06-10,55.95,56.211,1.0
2025-06-11,55.67,53.159,1.0
2025-06-12,55.78,51.085,1.0
2025-06-13,55.7,51.541,1.0
2025-06-16,57.41,53.983,1.0
2025-06-17,58.57,56.416,1.0
2025-06-18,59.19,56.984,1.0
2025-06-20,59.29,56.904,1.0
2025-06-23,60.38,57.656,1.0
2025-06-24,62.07,59.674,1.0
2025-06-25,62.55,59.081,1.0
2025-06-26,63.51,59.089,1.0
2025-06-27,63.29,60.134,1.0
2025-06-30,63.99,59.023,1.0
2025-07-01,63.84,59.397,1.0
2025-07-02,65.78,59.213,1.0
2025-07-03,66.08,58.69,1.0
2025-07-07,65.215,58.259,1.0
2025-07-08,64.02,57.236,1.0
2025-07-09,64.64,56.981,1.0
2025-07-10,65.06,56.492,1.0
2025-07-11,66.14,57.022,1.0
2025-07-14,66.93,57.282,1.0
2025-07-15,67.53,57.08,1.0
2025-07-16,66.53,55.538,1.0
2025-07-17,67.02,54.937,1.0
2025-07-18,68.0,55.355,1.0
2025-07-21,68.74,54.792,1.0
2025-07-22,67.06,54.519,1.0
2025-07-23,69.32,55.303,1.0
2025-07-24,69.02,55.208,1.0
2025-07-25,68.82,55.236,1.0
2025-07-28,68.985,54.604,1.0
2025-07-29,70.61,56.608,1.0
2025-07-30,71.43,57.806,1.0
2025-07-31,78.69,71.282,1.0
2025-08-01,76.55,72.254,1.0
2025-08-04,77.29,71.523,1.0
2025-08-05,75.84,70.301,1.0
2025-08-06,73.78,69.504,1.0
2025-08-07,74.44,69.576,1.0
2025-08-08,74.97,69.538,1.0
2025-08-11,74.64,69.264,1.0
2025-08-12,75.91,70.485,1.0
2025-08-13,76.07,69.964,1.0
2025-08-14,76.24,70.073,1.0
2025-08-15,75.06,69.243,1.0
2025-08-18,76.29,69.982,1.0
2025-08-19,75.86,68.528,1.0
2025-08-20,75.64,66.236,1.0
2025-08-21,74.66,64.839,1.0
2025-08-22,76.97,67.374,1.0
2025-08-25,79.22,69.379,1.0
2025-08-26,79.71,70.004,1.0
2025-08-27,80.67,69.631,1.0
2025-08-28,82.04,58.994,1.0
2025-08-29,80.34,55.944,1.0
2025-09-02,81.91,55.954,1.0
2025-09-03,86.0,60.93,1.0
2025-09-04,90.5,66.081,1.0
2025-09-05,92.04,68.61,1.0
2025-09-08,93.29,70.208,1.0
2025-09-09,94.54,70.359,1.0
2025-09-10,95.02,70.577,1.0
2025-09-11,96.15,70.637,1.0
2025-09-12,97.66,70.789,1.0
2025-09-15,102.39,73.072,1.0
2025-09-16,103.09,74.022,1.0
2025-09-17,100.94,74.45,1.0
2025-09-18,105.15,75.971,1.0
2025-09-19,106.63,74.459,1.0
2025-09-22,112.41,76.54,1.0
2025-09-23,110.25,77.606,1.0
2025-09-24,109.69,78.053,1.0
2025-09-25,107.21,78.892,1.0
2025-09-26,106.88,78.962,1.0
2025-09-29,116.74,84.551,1.0
2025-09-30,120.06,85.097,1.0
2025-10-01,130.59,87.024,1.0
2025-10-02,131.26,86.695,1.0
2025-10-03,131.31,86.339,1.0
2025-10-06,125.28,85.446,1.0
2025-10-07,119.93,84.634,1.0
2025-10-08,121.18,84.56,1.0
2025-10-09,119.7,84.06,1.0
2025-10-10,115.42,80.546,1.0
2025-10-13,118.86,80.852,1.0
2025-10-14,113.13,78.397,1.0
2025-10-15,120.44,82.196,0.5
2025-10-16,125.92,84.1,1.0
2025-10-17,126.2,83.814,1.0
2025-10-20,121.53,81.348,1.0
2025-10-21,121.41,80.703,1.0
2025-10-22,120.47,79.414,1.0
2025-10-23,125.72,80.939,0.5
2025-10-24,129.43,81.269,1.0
2025-10-27,126.67,78.659,1.0
2025-10-28,124.92,77.383,1.0
2025-10-29,141.38,84.07,1.0
2025-10-30,138.13,82.651,1.0
2025-10-31,150.21,84.131,1.0
2025-11-03,158.02,85.038,1.0
2025-11-04,152.18,85.144,1.0
2025-11-05,160.1,85.283,1.0
2025-11-06,163.6,85.749,1.0
2025-11-07,162.955,86.358,1.0
2025-11-10,174.22,88.164,1.0
2025-11-11,169.99,86.919,1.0
2025-11-12,166.11,85.926,1.0
2025-11-13,157.16,83.826,1.0
2025-11-14,157.83,83.502,1.0
2025-11-17,162.45,84.458,1.0
2025-11-18,152.86,81.475,1.0
2025-11-19,153.97,81.445,1.0
2025-11-20,140.23,74.113,1.0
2025-11-21,139.19,71.874,0.5
2025-11-24,150.93,78.626,0.5
2025-11-25,155.41,79.908,0.5
2025-11-26,157.74,79.245,1.0
2025-11-28,163.33,79.809,1.0
2025-12-01,163.54,78.594,1.0
2025-12-02,159.99,75.22,1.0
2025-12-03,155.59,71.684,1.0
2025-12-04,161.0,73.616,0.5
2025-12-05,168.89,76.8,1.0
2025-12-08,169.78,76.324,1.0
2025-12-09,169.54,72.859,1.0
2025-12-10,181.95,77.93,1.0
2025-12-11,187.2,79.42,1.0
2025-12-12,176.34,74.301,1.0
2025-12-15,172.04,72.213,1.0
2025-12-16,174.575,72.031,1.0
2025-12-17,166.26,66.235,1.0
2025-12-18,175.01,70.181,1.0
2025-12-19,181.08,73.647,1.0
2025-12-22,176.76,70.385,1.0
2025-12-23,178.25,68.486,1.0
2025-12-24,179.56,67.918,1.0
2025-12-26,181.54,67.482,1.0
2025-12-29,179.68,66.022,1.0
2025-12-30,176.06,64.376,1.0
2025-12-31,172.27,62.642,1.0
2026-01-02,187.7,71.032,1.0
2026-01-05,187.88,70.533,1.0
2026-01-06,219.38,83.037,1.0
2026-01-07,199.88,78.452,1.0
2026-01-08,187.68,73.373,1.0
2026-01-09,200.46,78.201,1.0
2026-01-12,212.14,80.184,1.0
2026-01-13,214.0,79.351,1.0
2026-01-14,215.0,79.215,1.0
2026-01-15,222.1,81.456,1.0
2026-01-16,221.51,80.294,1.0
2026-01-20,222.97,80.708,1.0
2026-01-21,241.9,82.306,1.0
2026-01-22,243.29,82.56,1.0
2026-01-23,236.39,82.24,1.0
2026-01-26,240.85,83.108,1.0
2026-01-27,252.66,83.46,1.0
2026-01-28,279.7,86.89,1.0
2026-01-29,278.41,87.334,1.0
2026-01-30,250.23,81.94,1.0
2026-02-02,270.23,83.51,1.0
2026-02-03,290.24,84.541,1.0
2026-02-04,269.41,80.556,1.0
2026-02-05,260.19,79.474,1.0
2026-02-06,282.58,80.365,1.0
2026-02-09,285.99,80.645,1.0
2026-02-10,262.56,77.635,1.0
2026-02-11,273.74,80.756,1.0
2026-02-12,284.1,82.213,1.0
2026-02-13,281.58,81.044,1.0
2026-02-17,284.11,82.301,1.0
2026-02-18,296.56,83.741,1.0
2026-02-19,284.67,81.651,1.0
2026-02-20,285.52,81.246,1.0
2026-02-23,280.42,78.807,1.0
2026-02-24,270.57,75.357,1.0
2026-02-25,290.95,79.769,1.0
2026-02-26,282.25,75.457,1.0
2026-02-27,279.7,73.752,1.0
2026-03-02,270.08,69.974,1.0
2026-03-03,250.61,65.787,1.0
2026-03-04,261.3,67.836,1.0
2026-03-05,259.03,64.822,1.0
2026-03-06,245.25,60.885,1.0
2026-03-09,262.06,64.402,1.0
2026-03-10,266.22,65.004,1.0
2026-03-11,268.81,63.348,1.0
2026-03-12,261.18,60.47,1.0
2026-03-13,272.29,64.038,1.0
2026-03-16,286.21,67.019,1.0
2026-03-17,313.81,75.967,1.0
2026-03-18,304.9,71.392,1.0
2026-03-19,316.93,73.034,1.0
2026-03-20,293.1,67.715,1.0
2026-03-23,294.79,67.568,1.0
2026-03-24,301.05,68.155,1.0
2026-03-25,296.14,66.54,1.0
2026-03-26,273.35,60.218,1.0
2026-03-27,275.34,60.684,1.0
2026-03-30,251.67,57.085,1.0
2026-03-31,270.49,57.79,1.0
2026-04-01,297.73,68.198,1.0
2026-04-02,294.97,66.099,1.0
2026-04-06,304.15,68.706,1.0
2026-04-07,311.96,71.159,1.0
2026-04-08,338.78,76.555,1.0
2026-04-09,337.88,74.933,1.0
2026-04-10,343.43,75.688,1.0
2026-04-13,350.16,76.112,1.0
2026-04-14,366.22,78.166,1.0
2026-04-15,365.0,76.115,1.0
2026-04-16,361.69,75.064,1.0
2026-04-17,372.52,75.941,1.0
2026-04-20,374.11,74.735,1.0
2026-04-21,383.81,76.881,1.0
2026-04-22,389.1,76.992,1.0
2026-04-23,403.12,77.409,1.0
2026-04-24,404.0,72.776,1.0
2026-04-27,400.73,72.212,1.0
2026-04-28,390.99,69.873,1.0
2026-04-29,412.76,72.467,1.0
2026-04-30,434.52,70.047,1.0
2026-05-01,431.52,71.08,1.0
2026-05-04,442.36,72.667,1.0
2026-05-05,465.26,73.876,1.0
2026-05-06,483.15,71.828,1.0
2026-05-07,463.91,74.362,1.0
2026-05-08,480.0,73.249,1.0
2026-05-11,515.83,76.719,1.0
2026-05-12,488.74,75.742,1.0
2026-05-13,494.09,75.742,1.0
2026-05-14,489.15,73.668,1.0
2026-05-15,482.02,74.321,1.0
2026-05-18,458.68,70.344,1.0
2026-05-19,455.8,69.494,1.0
2026-05-20,459.62,70.346,1.0
2026-05-21,486.46,73.944,1.0
2026-05-22,484.28,74.373,1.0
2026-05-26,524.65,79.68,1.0
2026-05-27,530.6,79.663,1.0
2026-05-28,531.18,79.368,1.0
2026-05-29,531.21,78.034,1.0
2026-06-01,546.2,78.676,1.0
2026-06-02,563.1,79.279,1.0
2026-06-03,594.11,80.009,1.0
2026-06-04,575.5,78.69,1.0
2026-06-05,511.72,74.4,1.0
2026-06-08,526.93,74.69,1.0
2026-06-09,517.72,71.398,1.0
2026-06-10,490.09,65.636,1.0
2026-06-11,529.29,68.847,1.0
2026-06-12,562.925,74.41,1.0
2026-06-15,653.53,83.136,1.0
2026-06-16,681.08,84.152,1.0
2026-06-17,712.13,85.843,1.0
2026-06-18,746.23,87.508,1.0
2026-06-22,732.62,87.68,1.0
2026-06-23,670.75,86.773,1.0
2026-06-24,643.83,84.364,1.0
2026-06-25,675.39,85.954,1.0
2026-06-26,586.45,78.424,1.0
2026-06-29,651.88,83.44,0.5
2026-06-30,638.72,81.8,1.0
2026-07-01,598.37,77.146,1.0
2026-07-02,539.0,70.433,0.5
2026-07-06,577.46,73.266,0.5
2026-07-07,532.1,66.636,0.5
