date,MU,SNDK,WDC,SK_HYNIX,SAMSUNG,THEME
2022-01-03,,,,,,
2022-01-04,,,,,,
2022-01-05,,,,,,
2022-01-06,,,,,,
2022-01-07,,,,,,
2022-01-10,,,,,,
2022-01-11,,,,,,
2022-01-12,,,,,,
2022-01-13,,,,,,
2022-01-14,,,,,,
2022-01-17,,,,,,
2022-01-18,,,,,,
2022-01-19,,,,,,
2022-01-20,,,,,,
2022-01-21,,,,,,
2022-01-24,,,,,,
2022-01-25,,,,,,
2022-01-26,,,,,,
2022-01-27,,,,,,
2022-01-28,,,,,,
2022-01-31,,,,,,
2022-02-01,,,,,,
2022-02-02,,,,,,
2022-02-03,,,,,,
2022-02-04,,,,,,
2022-02-07,,,,,,
2022-02-08,,,,,,
2022-02-09,,,,,,
2022-02-10,,,,,,
2022-02-11,,,,,,
2022-02-14,,,,,,
2022-02-15,,,,,,
2022-02-16,,,,,,
2022-02-17,,,,,,
2022-02-18,,,,,,
2022-02-21,,,,,,
2022-02-22,,,,,,
2022-02-23,,,,,,
2022-02-24,,,,,,
2022-02-25,,,,,,
2022-02-28,,,,,,
2022-03-01,,,,,,
2022-03-02,,,,,,
2022-03-03,,,,,,
2022-03-04,,,,,,
2022-03-07,,,,,,
2022-03-08,,,,,,
2022-03-09,,,,,,
2022-03-10,,,,,,
2022-03-11,,,,,,
2022-03-14,,,,,,
2022-03-15,,,,,,
2022-03-16,,,,,,
2022-03-17,,,,,,
2022-03-18,,,,,,
2022-03-21,,,,,,
2022-03-22,,,,,,
2022-03-23,,,,,,
2022-03-24,,,,,,
2022-03-25,,,,,,
2022-03-28,,,,,,
2022-03-29,,,,,,
2022-03-30,,,,,,
2022-03-31,,,,,,
2022-04-01,,,,,,
2022-04-04,,,,,,
2022-04-05,,,,,,
2022-04-06,,,,,,
2022-04-07,,,,,,
2022-04-08,,,,,,
2022-04-11,,,,,,
2022-04-12,,,,,,
2022-04-13,,,,,,
2022-04-14,,,,,,
2022-04-15,,,,,,
2022-04-18,,,,,,
2022-04-19,,,,,,
2022-04-20,,,,,,
2022-04-21,,,,,,
2022-04-22,,,,,,
2022-04-25,,,,,,
2022-04-26,,,,,,
2022-04-27,,,,,,
2022-04-28,,,,,,
2022-04-29,,,,,,
2022-05-02,,,,,,
2022-05-03,,,,,,
2022-05-04,,,,,,
2022-05-05,,,,,,
2022-05-06,,,,,,
2022-05-09,,,,,,
2022-05-10,,,,,,
2022-05-11,,,,,,
2022-05-12,,,,,,
2022-05-13,,,,,,
2022-05-16,,,,,,
2022-05-17,,,,,,
2022-05-18,,,,,,
2022-05-19,,,,,,
2022-05-20,,,,,,
2022-05-23,,,,,,
2022-05-24,,,,,,
2022-05-25,,,,,,
2022-05-26,,,,,,
2022-05-27,,,,,,
2022-05-30,,,,,,
2022-05-31,,,,,,
2022-06-01,,,,,,
2022-06-02,,,,,,
2022-06-03,,,,,,
2022-06-06,,,,,,
2022-06-07,,,,,,
2022-06-08,,,,,,
2022-06-09,,,,,,
2022-06-10,,,,,,
2022-06-13,,,,,,
2022-06-14,,,,,,
2022-06-15,,,,,,
2022-06-16,,,,,,
2022-06-17,,,,,,
2022-06-20,,,,,,
2022-06-21,,,,,,
2022-06-22,,,,,,
2022-06-23,,,,,,
2022-06-24,,,,,,
2022-06-27,,,,,,
2022-06-28,,,,,,
2022-06-29,,,,,,
2022-06-30,,,,,,
2022-07-01,,,,,,
2022-07-04,,,,,,
2022-07-05,,,,,,
2022-07-06,,,,,,
2022-07-07,,,,,,
2022-07-08,,,,,,
2022-07-11,,,,,,
2022-07-12,,,,,,
2022-07-13,,,,,,
2022-07-14,,,,,,
2022-07-15,,,,,,
2022-07-18,,,,,,
2022-07-19,,,,,,
2022-07-20,,,,,,
2022-07-21,,,,,,
2022-07-22,,,,,,
2022-07-25,,,,,,
2022-07-26,,,,,,
2022-07-27,,,,,,
2022-07-28,,,,,,
2022-07-29,,,,,,
2022-08-01,,,,,,
2022-08-02,,,,,,
2022-08-03,,,,,,
2022-08-04,,,,,,
2022-08-05,,,,,,
2022-08-08,,,,,,
2022-08-09,,,,,,
2022-08-10,,,,,,
2022-08-11,,,,,,
2022-08-12,,,,,,
2022-08-15,,,,,,
2022-08-16,,,,,,
2022-08-17,,,,,,
2022-08-18,,,,,,
2022-08-19,,,,,,
2022-08-22,,,,,,
2022-08-23,,,,,,
2022-08-24,,,,,,
2022-08-25,,,,,,
2022-08-26,,,,,,
2022-08-29,,,,,,
2022-08-30,,,,,,
2022-08-31,,,,,,
2022-09-01,,,,,,
2022-09-02,,,,,,
2022-09-05,,,,,,
2022-09-06,,,,,,
2022-09-07,,,,,,
2022-09-08,,,,,,
2022-09-09,,,,,,
2022-09-12,,,,,,
2022-09-13,,,,,,
2022-09-14,,,,,,
2022-09-15,,,,,,
2022-09-16,,,,,,
2022-09-19,,,,,,
2022-09-20,,,,,,
2022-09-21,,,,,,
2022-09-22,,,,,,
2022-09-23,,,,,,
2022-09-26,,,,,,
2022-09-27,,,,,,
2022-09-28,,,,,,
2022-09-29,,,,,,
2022-09-30,,,,,,
2022-10-03,,,,,,
2022-10-04,,,,,,
2022-10-05,,,,,,
2022-10-06,,,,,,
2022-10-07,,,,,,
2022-10-10,,,,,,
2022-10-11,,,,,,
2022-10-12,,,,,,
2022-10-13,,,,,,
2022-10-14,,,,,,
2022-10-17,,,,,,
2022-10-18,,,,,,
2022-10-19,,,,,,
2022-10-20,,,,,,
2022-10-21,,,,,,
2022-10-24,,,,,,
2022-10-25,,,,,,
2022-10-26,,,,,,
2022-10-27,,,,,,
2022-10-28,,,,,,
2022-10-31,,,,,,
2022-11-01,,,,,,
2022-11-02,,,,,,
2022-11-03,,,,,,
2022-11-04,,,,,,
2022-11-07,,,,,,
2022-11-08,,,,,,
2022-11-09,,,,,,
2022-11-10,,,,,,
2022-11-11,,,,,,
2022-11-14,,,,,,
2022-11-15,,,,,,
2022-11-16,,,,,,
2022-11-17,,,,,,
2022-11-18,,,,,,
2022-11-21,,,,,,
2022-11-22,,,,,,
2022-11-23,,,,,,
2022-11-24,,,,,,
2022-11-25,,,,,,
2022-11-28,,,,,,
2022-11-29,,,,,,
2022-11-30,,,,,,
2022-12-01,,,,,,
2022-12-02,,,,,,
2022-12-05,,,,,,
2022-12-06,,,,,,
2022-12-07,,,,,,
2022-12-08,,,,,,
2022-12-09,,,,,,
2022-12-12,,,,,,
2022-12-13,,,,,,
2022-12-14,,,,,,
2022-12-15,,,,,,
2022-12-16,,,,,,
2022-12-19,,,,,,
2022-12-20,,,,,,
2022-12-21,,,,,,
2022-12-22,,,,,,
2022-12-23,,,,,,
2022-12-26,,,,,,
2022-12-27,,,,,,
2022-12-28,,,,,,
2022-12-29,,,,,,
2022-12-30,,,,,,
2023-01-02,,,,,,
2023-01-03,,,,,,
2023-01-04,,,,,,
2023-01-05,,,,,,
2023-01-06,,,,,,
2023-01-09,,,,,,
2023-01-10,,,,,,
2023-01-11,,,,,,
2023-01-12,,,,,,
2023-01-13,,,,,,
2023-01-16,,,,,,
2023-01-17,,,,,,
2023-01-18,,,,,,
2023-01-19,,,,,,
2023-01-20,,,,,,
2023-01-23,,,,,,
2023-01-24,,,,,,
2023-01-25,,,,,,
2023-01-26,,,,,,
2023-01-27,43.75,,70.74,,,57.25
2023-01-30,38.47,,67.8,,,53.14
2023-01-31,40.85,,68.47,,,54.66
2023-02-01,44.2,,66.9,,,55.55
2023-02-02,35.41,,66.95,,,51.18
2023-02-03,33.56,,63.38,52.86,65.16,53.74
2023-02-06,34.01,,60.3,46.54,70.47,52.83
2023-02-07,36.7,,61.4,46.13,70.08,53.58
2023-02-08,35.56,,58.98,47.75,66.93,52.31
2023-02-09,35.77,,60.07,47.66,66.24,52.44
2023-02-10,35.17,,60.86,46.66,64.13,51.7
2023-02-13,34.76,,58.76,50.64,63.04,51.8
2023-02-14,38.01,,59.08,54.07,65.55,54.18
2023-02-15,39.14,,59.48,56.38,66.96,55.49
2023-02-16,39.98,,59.94,56.4,69.52,56.46
2023-02-17,37.29,,60.82,56.99,70.03,56.28
2023-02-20,37.29,,60.82,57.39,68.83,56.08
2023-02-21,27.53,,44.97,54.56,67.72,48.7
2023-02-22,27.1,,43.57,49.17,64.72,46.14
2023-02-23,31.73,,44.61,57.26,67.14,50.18
2023-02-24,30.39,,38.85,58.33,65.65,48.3
2023-02-27,29.13,,35.15,58.28,63.09,46.41
2023-02-28,27.08,,31.04,53.75,52.31,41.04
2023-03-01,26.59,,29.04,53.75,52.31,40.42
2023-03-02,25.38,,27.52,51.44,53.05,39.35
2023-03-03,24.87,,26.32,47.55,45.85,36.15
2023-03-06,22.88,,23.52,49.0,46.05,35.36
2023-03-07,21.75,,22.98,44.56,37.88,31.79
2023-03-08,20.06,,20.67,41.88,34.5,29.28
2023-03-09,18.34,,18.93,30.77,30.78,24.71
2023-03-10,20.04,,20.1,34.99,33.73,27.21
2023-03-13,23.14,,20.93,38.44,37.72,30.06
2023-03-14,23.89,,19.82,37.43,38.5,29.91
2023-03-15,22.63,,17.0,35.82,40.1,28.89
2023-03-16,30.04,,19.32,37.33,37.71,31.1
2023-03-17,30.61,,19.33,58.99,40.1,37.26
2023-03-20,33.9,,20.65,53.86,43.18,37.9
2023-03-21,36.62,,21.77,53.39,42.21,38.5
2023-03-22,33.36,,17.97,61.83,45.36,39.63
2023-03-23,42.84,,20.56,66.61,53.24,45.81
2023-03-24,41.27,,19.74,60.93,53.57,43.88
2023-03-27,46.72,,22.22,56.35,50.71,44.0
2023-03-28,53.29,,28.53,63.66,50.34,48.95
2023-03-29,63.63,,36.75,59.91,49.48,52.44
2023-03-30,63.1,,38.97,65.52,50.91,54.63
2023-03-31,62.27,,39.09,63.48,51.68,54.13
2023-04-03,62.17,,34.83,65.95,47.76,52.68
2023-04-04,56.49,,30.67,66.26,53.7,51.78
2023-04-05,56.82,,29.11,65.63,53.02,51.14
2023-04-06,60.84,,30.0,62.88,48.34,50.52
2023-04-07,60.84,,30.0,76.17,63.15,57.54
2023-04-10,75.83,,45.67,77.85,65.35,66.17
2023-04-11,76.88,,44.53,78.34,64.76,66.13
2023-04-12,76.12,,44.8,76.22,65.57,65.68
2023-04-13,77.77,,43.14,74.31,66.22,65.36
2023-04-14,76.57,,40.97,70.87,64.0,63.1
2023-04-17,76.76,,43.32,70.25,64.56,63.72
2023-04-18,74.99,,40.47,67.65,64.77,61.97
2023-04-19,70.83,,37.47,65.86,63.89,59.51
2023-04-20,72.56,,35.89,62.1,60.54,57.77
2023-04-21,69.12,,37.34,62.28,59.56,57.07
2023-04-24,65.38,,35.57,57.65,56.75,53.84
2023-04-25,61.75,,32.89,52.49,56.08,50.8
2023-04-26,72.2,,36.95,59.52,60.99,57.42
2023-04-27,71.24,,33.41,60.51,62.22,56.84
2023-04-28,75.29,,44.64,61.51,64.2,61.41
2023-05-01,70.24,,43.6,61.51,64.2,59.89
2023-05-02,68.49,,43.25,63.07,63.32,59.53
2023-05-03,66.48,,40.82,60.72,64.15,58.05
2023-05-04,63.42,,38.16,59.24,63.73,56.14
2023-05-05,64.91,,39.33,59.24,63.73,56.8
2023-05-08,55.35,,34.6,56.32,62.05,52.08
2023-05-09,54.72,,33.11,48.68,52.21,47.18
2023-05-10,50.53,,30.62,46.69,47.61,43.86
2023-05-11,52.83,,26.48,44.75,44.5,42.14
2023-05-12,51.06,,26.63,44.43,42.91,41.26
2023-05-15,64.47,,52.73,41.65,45.45,51.07
2023-05-16,63.52,,53.05,51.38,45.46,53.35
2023-05-17,65.06,,53.92,55.22,45.48,54.92
2023-05-18,71.35,,60.37,58.9,50.25,60.22
2023-05-19,70.77,,58.69,64.28,60.64,63.6
2023-05-22,71.34,,58.85,65.32,61.2,64.18
2023-05-23,70.05,,57.88,64.02,60.86,63.2
2023-05-24,67.39,,56.62,63.1,59.45,61.64
2023-05-25,71.39,,57.78,67.85,56.39,63.35
2023-05-26,77.95,,62.74,74.63,60.7,69.0
2023-05-30,76.79,,63.08,76.33,66.07,70.57
2023-05-31,77.51,,65.14,79.68,68.74,72.77
2023-06-01,77.87,,66.08,80.59,68.32,73.21
2023-06-02,77.17,,68.8,80.67,69.84,74.12
2023-06-05,76.68,,67.61,81.04,70.28,73.9
2023-06-06,76.05,,68.45,81.04,70.28,73.96
2023-06-07,75.42,,69.05,80.93,70.22,73.91
2023-06-08,73.38,,69.08,80.13,70.32,73.23
2023-06-09,72.9,,67.5,83.18,70.69,73.57
2023-06-12,75.14,,68.1,82.16,69.71,73.78
2023-06-13,71.86,,56.13,83.48,70.73,70.55
2023-06-14,74.14,,55.53,83.99,71.81,71.37
2023-06-15,72.69,,56.61,82.66,71.1,70.77
2023-06-16,68.89,,54.7,82.79,71.74,69.53
2023-06-19,68.89,,54.7,83.48,69.49,69.14
2023-06-20,66.2,,51.89,82.79,63.62,66.13
2023-06-21,61.86,,50.78,82.93,62.34,64.48
2023-06-22,63.06,,50.34,82.35,64.62,65.09
2023-06-23,60.65,,50.81,82.7,66.66,65.21
2023-06-26,55.44,,48.46,78.71,68.57,62.8
2023-06-27,55.15,,48.35,72.1,65.34,60.24
2023-06-28,54.99,,43.86,70.58,61.01,57.61
2023-06-29,50.74,,40.91,70.47,58.34,55.12
2023-06-30,48.84,,41.68,68.69,56.4,53.9
2023-07-03,51.99,,42.85,70.83,57.89,55.89
2023-07-04,51.99,,42.85,69.51,57.08,55.36
2023-07-05,48.43,,40.09,68.99,54.62,53.03
2023-07-06,43.36,,36.98,67.89,51.86,50.02
2023-07-07,42.12,,36.95,61.36,47.56,47.0
2023-07-10,45.95,,38.23,60.51,44.72,47.35
2023-07-11,49.26,,42.08,61.01,52.67,51.26
2023-07-12,49.88,,42.97,62.93,53.99,52.44
2023-07-13,51.16,,43.04,61.07,53.67,52.24
2023-07-14,50.92,,48.45,65.23,57.99,55.65
2023-07-17,55.03,,47.72,62.88,57.14,55.69
2023-07-18,51.45,,44.89,62.39,55.37,53.52
2023-07-19,51.23,,44.93,62.16,54.29,53.15
2023-07-20,51.15,,43.62,60.88,50.99,51.66
2023-07-21,55.75,,44.27,60.27,49.83,52.53
2023-07-24,53.56,,45.09,58.96,50.49,52.02
2023-07-25,53.23,,44.76,56.94,49.41,51.08
2023-07-26,55.08,,40.57,55.69,49.49,50.21
2023-07-27,69.08,,57.35,82.18,65.84,68.61
2023-07-28,64.56,,59.03,85.5,62.77,67.97
2023-07-31,63.42,,61.91,83.6,60.85,67.44
2023-08-01,61.69,,64.4,84.72,67.09,69.48
2023-08-02,56.74,,63.73,82.32,62.33,66.28
2023-08-03,57.74,,65.87,81.65,59.35,66.15
2023-08-04,57.8,,66.54,80.97,55.42,65.18
2023-08-07,56.16,,65.0,82.33,56.68,65.04
2023-08-08,52.99,,65.02,79.85,51.46,62.33
2023-08-09,51.16,,63.71,79.09,58.7,63.17
2023-08-10,45.67,,61.5,78.2,54.78,60.04
2023-08-11,44.18,,57.22,72.97,49.78,56.04
2023-08-14,56.83,,57.48,71.9,47.2,58.35
2023-08-15,50.72,,52.44,71.9,47.2,55.56
2023-08-16,48.72,,50.24,73.47,44.39,54.2
2023-08-17,47.57,,48.7,71.63,43.25,52.79
2023-08-18,44.98,,47.02,75.69,42.13,52.45
2023-08-21,45.63,,48.78,74.33,42.42,52.79
2023-08-22,43.49,,47.71,74.28,42.15,51.91
2023-08-23,45.56,,48.27,72.07,43.69,52.4
2023-08-24,37.41,,36.97,78.1,46.01,49.62
2023-08-25,35.53,,32.17,61.82,31.21,40.18
2023-08-28,40.05,,38.55,55.92,27.64,40.54
2023-08-29,43.3,,35.92,58.96,26.47,41.16
2023-08-30,47.14,,39.65,59.35,27.81,43.49
2023-08-31,51.74,,49.3,59.46,27.13,46.91
2023-09-01,53.31,,50.93,58.01,52.92,53.79
2023-09-04,53.31,,50.93,56.09,56.64,54.25
2023-09-05,53.99,,51.75,55.61,56.65,54.5
2023-09-06,52.57,,50.92,52.09,53.27,52.21
2023-09-07,48.99,,46.26,51.44,52.36,49.76
2023-09-08,48.87,,46.0,47.56,52.43,48.71
2023-09-11,46.84,,44.98,50.78,55.11,49.43
2023-09-12,44.41,,43.98,53.09,56.21,49.42
2023-09-13,46.11,,46.84,56.67,58.63,52.06
2023-09-14,48.76,,49.45,62.42,63.87,56.12
2023-09-15,45.39,,51.37,62.63,64.8,56.05
2023-09-18,47.27,,51.57,59.85,61.37,55.01
2023-09-19,48.23,,53.76,59.42,59.64,55.26
2023-09-20,46.14,,62.63,57.51,58.62,56.22
2023-09-21,40.66,,61.29,51.15,56.16,52.31
2023-09-22,43.67,,63.86,49.9,56.13,53.39
2023-09-25,46.01,,62.81,49.53,58.99,54.34
2023-09-26,45.65,,60.41,46.84,56.6,52.37
2023-09-27,46.62,,60.37,46.25,56.53,52.44
2023-09-28,42.02,,62.74,46.25,56.53,51.89
2023-09-29,49.71,,56.89,46.25,56.53,52.35
2023-10-02,49.56,,55.46,46.25,56.53,51.95
2023-10-03,47.96,,51.99,,,49.97
2023-10-04,48.07,,51.9,45.4,54.41,49.95
2023-10-05,50.85,,53.14,56.96,39.34,50.07
2023-10-06,52.07,,52.36,56.81,37.05,49.57
2023-10-09,51.17,,48.78,56.81,37.05,48.45
2023-10-10,48.49,,47.8,57.05,39.0,48.09
2023-10-11,52.43,,51.86,56.45,47.21,51.99
2023-10-12,51.2,,50.26,64.63,49.89,54.0
2023-10-13,48.43,,50.3,61.76,47.31,51.95
2023-10-16,46.85,,50.63,60.3,43.86,50.41
2023-10-17,45.79,,47.55,67.12,56.61,54.27
2023-10-18,44.92,,44.67,66.76,60.87,54.31
2023-10-19,39.84,,40.92,65.11,58.4,51.07
2023-10-20,36.7,,36.78,65.98,56.14,48.9
2023-10-23,35.67,,36.0,64.35,53.38,47.35
2023-10-24,39.3,,39.86,67.98,54.54,50.42
2023-10-25,36.06,,38.71,68.56,53.14,49.12
2023-10-26,33.07,,42.11,69.66,53.14,49.49
2023-10-27,34.38,,45.57,66.25,54.19,50.1
2023-10-30,34.48,,60.92,64.79,54.25,53.61
2023-10-31,35.72,,59.49,61.33,53.11,52.41
2023-11-01,45.01,,65.22,69.61,61.61,60.36
2023-11-02,48.77,,66.89,77.17,65.72,64.64
2023-11-03,54.41,,69.05,75.84,65.21,66.13
2023-11-06,55.12,,69.14,82.69,69.89,69.21
2023-11-07,52.41,,68.46,79.96,69.28,67.53
2023-11-08,52.64,,69.52,78.55,64.07,66.19
2023-11-09,56.62,,73.11,78.04,63.44,67.8
2023-11-10,60.27,,76.04,79.71,64.69,70.18
2023-11-13,59.33,,76.83,80.94,63.9,70.25
2023-11-14,63.34,,77.97,78.56,60.66,70.13
2023-11-15,63.47,,78.42,80.9,66.24,72.26
2023-11-16,60.04,,76.7,78.42,66.85,70.5
2023-11-17,60.91,,79.65,76.52,65.67,70.69
2023-11-20,61.52,,81.18,76.86,65.42,71.24
2023-11-21,61.11,,75.5,76.76,65.43,69.7
2023-11-22,59.09,,77.11,75.79,64.64,69.16
2023-11-23,59.09,,77.11,68.77,59.45,66.11
2023-11-24,54.76,,64.09,65.03,55.83,59.93
2023-11-27,55.42,,63.78,67.66,54.71,60.39
2023-11-28,55.58,,59.77,66.61,59.15,60.27
2023-11-29,58.01,,58.93,63.36,56.7,59.25
2023-11-30,53.84,,58.31,61.14,53.31,56.65
2023-12-01,53.93,,60.55,61.04,47.14,55.67
2023-12-04,49.53,,57.79,54.13,46.22,51.92
2023-12-05,50.39,,57.6,51.5,45.52,51.25
2023-12-06,48.33,,57.84,50.15,45.93,50.56
2023-12-07,49.28,,59.3,49.74,44.46,50.69
2023-12-08,51.0,,61.48,54.42,49.71,54.15
2023-12-11,60.02,,65.6,55.88,50.29,57.95
2023-12-12,60.11,,66.71,57.84,53.5,59.54
2023-12-13,61.02,,67.87,55.19,47.29,57.84
2023-12-14,64.28,,68.06,63.25,49.01,61.15
2023-12-15,63.3,,67.62,65.35,49.14,61.35
2023-12-18,63.62,,66.69,65.77,49.93,61.5
2023-12-19,64.38,,67.69,64.62,50.96,61.91
2023-12-20,61.52,,62.25,65.02,56.38,61.29
2023-12-21,76.31,,70.72,65.18,58.43,67.66
2023-12-22,77.18,,69.01,63.92,62.05,68.04
2023-12-26,77.33,,69.03,63.52,63.77,68.41
2023-12-27,75.53,,68.4,63.24,66.81,68.49
2023-12-28,75.1,,69.77,64.21,68.6,69.42
2023-12-29,73.23,,67.22,64.21,68.6,68.31
2024-01-02,71.44,,61.95,63.36,69.79,66.64
2024-01-03,70.97,,61.44,62.04,72.51,66.74
2024-01-04,71.81,,61.22,60.77,72.17,66.49
2024-01-05,71.86,,60.2,56.54,67.83,64.11
2024-01-08,73.73,,58.82,55.09,67.14,63.7
2024-01-09,72.72,,56.56,55.7,66.26,62.81
2024-01-10,67.27,,58.27,51.58,63.09,60.05
2024-01-11,68.44,,57.55,54.08,62.29,60.59
2024-01-12,66.17,,55.28,48.6,58.95,57.25
2024-01-15,66.17,,55.28,47.72,60.74,57.48
2024-01-16,69.13,,63.16,40.8,57.52,57.65
2024-01-17,66.66,,63.67,38.08,54.2,55.65
2024-01-18,70.12,,67.23,49.39,58.31,61.26
2024-01-19,75.26,,70.47,58.3,73.38,69.35
2024-01-22,72.17,,74.37,58.76,74.35,69.91
2024-01-23,63.35,,72.67,59.1,74.78,67.47
2024-01-24,63.02,,73.4,59.66,71.35,66.86
2024-01-25,64.17,,76.44,57.77,70.75,67.28
2024-01-26,63.9,,75.75,57.33,67.79,66.19
2024-01-29,65.08,,76.72,54.86,69.75,66.6
2024-01-30,62.28,,75.08,55.57,66.9,64.96
2024-01-31,59.89,,74.04,50.54,61.05,61.38
2024-02-01,57.76,,72.96,45.58,62.14,59.61
2024-02-02,58.35,,73.77,50.85,69.59,63.14
2024-02-05,57.85,,74.03,48.17,67.64,61.92
2024-02-06,54.05,,73.2,60.06,65.44,63.19
2024-02-07,54.19,,71.47,56.5,66.79,62.24
2024-02-08,53.34,,69.8,64.75,62.26,62.54
2024-02-09,54.58,,69.11,64.75,62.26,62.68
2024-02-12,53.66,,69.46,64.75,62.26,62.53
2024-02-13,46.56,,63.09,73.15,66.34,62.29
2024-02-14,47.34,,64.96,71.99,60.52,61.2
2024-02-15,46.52,,64.36,72.13,57.04,60.01
2024-02-16,40.38,,59.41,71.29,54.72,56.45
2024-02-19,40.38,,59.41,73.56,57.05,57.6
2024-02-20,41.79,,57.54,69.4,47.19,53.98
2024-02-21,40.5,,53.23,67.51,43.7,51.24
2024-02-22,53.35,,62.79,76.46,46.26,59.72
2024-02-23,52.22,,60.56,79.18,45.19,59.29
2024-02-26,61.26,,62.7,77.63,45.49,61.77
2024-02-27,66.85,,62.14,77.59,44.26,62.71
2024-02-28,62.6,,60.1,79.14,44.38,61.56
2024-02-29,64.99,,64.95,77.86,45.63,63.36
2024-03-01,73.85,,76.08,77.86,45.63,68.36
2024-03-04,75.0,,76.49,83.29,53.78,72.14
2024-03-05,74.51,,75.42,82.84,48.53,70.32
2024-03-06,73.73,,76.14,82.19,46.82,69.72
2024-03-07,76.1,,74.79,81.77,43.17,68.96
2024-03-08,75.68,,72.1,82.82,47.46,69.51
2024-03-11,75.71,,71.28,82.48,43.61,68.27
2024-03-12,78.5,,72.18,81.56,45.77,69.5
2024-03-13,71.88,,69.92,78.75,47.19,66.94
2024-03-14,70.24,,68.25,79.43,50.88,67.2
2024-03-15,72.81,,65.19,78.33,45.89,65.55
2024-03-18,72.34,,62.52,79.14,47.82,65.45
2024-03-19,73.28,,63.99,76.26,46.96,65.12
2024-03-20,74.34,,63.79,74.57,73.78,71.62
2024-03-21,87.46,,72.26,83.17,81.06,80.99
2024-03-22,87.18,,71.99,82.68,80.19,80.51
2024-03-25,88.03,,73.32,81.56,77.26,80.04
2024-03-26,88.76,,78.38,84.59,81.24,83.24
2024-03-27,89.11,,78.14,85.82,79.74,83.2
2024-03-28,88.81,,78.47,84.7,81.03,83.25
2024-03-29,88.81,,78.47,85.54,82.47,83.82
2024-04-01,88.99,,76.66,84.18,83.68,83.38
2024-04-02,88.34,,75.28,83.89,86.7,83.55
2024-04-03,88.06,,77.16,82.46,85.04,83.18
2024-04-04,86.79,,76.06,84.99,85.49,83.33
2024-04-05,86.33,,77.69,82.73,84.99,82.93
2024-04-08,86.5,,77.37,82.26,85.52,82.91
2024-04-09,85.78,,76.34,81.78,84.41,82.08
2024-04-10,85.69,,76.2,81.78,84.41,82.02
2024-04-11,86.19,,76.77,83.44,84.83,82.81
2024-04-12,85.16,,74.94,83.18,84.38,81.91
2024-04-15,85.06,,72.92,83.29,82.51,80.94
2024-04-16,84.99,,73.15,80.21,78.87,79.31
2024-04-17,83.68,,71.4,79.18,76.23,77.62
2024-04-18,81.32,,68.56,80.37,72.56,75.7
2024-04-19,72.6,,62.18,72.92,65.36,68.27
2024-04-22,73.01,,60.95,69.77,58.5,65.56
2024-04-23,75.55,,69.41,69.01,57.6,67.89
2024-04-24,73.92,,65.6,75.12,70.68,71.33
2024-04-25,72.03,,64.97,68.37,62.8,67.04
2024-04-26,75.72,,69.16,74.13,62.55,70.39
2024-04-29,72.96,,65.39,71.9,62.36,68.15
2024-04-30,70.02,,65.7,70.6,66.66,68.24
2024-05-01,62.48,,62.81,70.6,66.66,65.64
2024-05-02,66.37,,60.69,70.03,64.87,65.49
2024-05-03,70.54,,63.33,69.09,62.13,66.27
2024-05-06,77.24,,65.82,69.09,62.13,68.57
2024-05-07,76.14,,63.87,73.2,77.74,72.74
2024-05-08,75.83,,64.26,69.69,77.13,71.73
2024-05-09,71.97,,63.72,67.25,71.58,68.63
2024-05-10,74.5,,61.53,70.48,70.18,69.17
2024-05-13,75.21,,58.25,70.39,64.69,67.14
2024-05-14,76.32,,65.3,71.29,64.93,69.46
2024-05-15,74.53,,68.81,71.29,64.93,69.89
2024-05-16,71.59,,65.23,76.63,64.7,69.54
2024-05-17,67.61,,60.54,72.39,61.78,65.58
2024-05-20,70.2,,62.09,71.4,66.61,67.57
2024-05-21,68.56,,61.64,71.59,64.01,66.45
2024-05-22,64.91,,58.24,71.35,58.04,63.14
2024-05-23,65.03,,59.47,70.76,58.93,63.55
2024-05-24,67.15,,59.2,69.62,53.68,62.41
2024-05-27,67.15,,59.2,68.68,56.2,62.81
2024-05-28,68.72,,58.7,64.02,55.82,61.81
2024-05-29,67.12,,60.55,60.54,51.78,60.0
2024-05-30,62.39,,57.67,59.74,50.28,57.52
2024-05-31,60.97,,56.06,56.62,49.57,55.8
2024-06-03,63.63,,54.68,60.12,55.0,58.36
2024-06-04,59.78,,52.21,59.52,55.07,56.65
2024-06-05,70.36,,61.19,58.0,59.63,62.3
2024-06-06,67.43,,57.02,58.0,59.63,60.52
2024-06-07,69.05,,57.45,71.06,58.64,64.05
2024-06-10,72.53,,63.21,70.7,55.61,65.51
2024-06-11,72.07,,62.06,72.41,52.93,64.87
2024-06-12,76.14,,66.46,73.58,56.36,68.14
2024-06-13,76.75,,65.83,76.66,65.04,71.07
2024-06-14,76.08,,62.47,75.1,71.66,71.33
2024-06-17,77.1,,62.73,74.11,65.75,69.92
2024-06-18,78.63,,62.49,77.68,71.81,72.65
2024-06-19,78.63,,62.49,77.76,71.85,72.68
2024-06-20,78.94,,56.61,77.15,69.98,70.67
2024-06-21,76.55,,54.11,76.36,66.15,68.29
2024-06-24,76.04,,53.45,74.72,67.28,67.87
2024-06-25,77.78,,56.31,74.22,64.32,68.16
2024-06-26,76.57,,51.8,79.78,65.32,68.37
2024-06-27,67.08,,53.71,80.16,61.88,65.7
2024-06-28,63.23,,49.82,77.21,55.64,61.47
2024-07-01,63.96,,50.23,73.19,54.59,60.49
2024-07-02,64.66,,52.62,71.64,51.18,60.03
2024-07-03,70.06,,50.74,74.69,51.59,61.77
2024-07-04,70.06,,50.74,72.62,60.37,63.45
2024-07-05,61.74,,46.76,72.92,67.87,62.32
2024-07-08,58.9,,48.7,71.16,65.56,61.08
2024-07-09,56.99,,46.95,73.38,66.83,61.04
2024-07-10,66.66,,52.43,72.7,66.68,64.62
2024-07-11,59.72,,47.95,72.59,65.34,61.4
2024-07-12,62.33,,47.05,69.54,63.28,60.55
2024-07-15,59.72,,46.78,68.61,70.47,61.39
2024-07-16,57.34,,44.48,67.67,71.62,60.28
2024-07-17,56.16,,45.21,64.82,71.96,59.54
2024-07-18,52.48,,42.93,60.01,73.3,57.18
2024-07-19,48.37,,40.29,58.08,71.57,54.58
2024-07-22,48.4,,45.25,54.53,68.18,54.09
2024-07-23,47.72,,44.84,53.18,67.74,53.37
2024-07-24,44.18,,42.11,51.32,64.47,50.52
2024-07-25,44.9,,44.15,52.49,60.54,50.52
2024-07-26,44.82,,46.94,54.82,63.25,52.46
2024-07-29,44.67,,44.94,57.27,63.34,52.55
2024-07-30,43.69,,45.11,55.82,62.02,51.66
2024-07-31,50.25,,50.87,59.7,75.72,59.13
2024-08-01,47.82,,49.81,57.96,66.4,55.5
2024-08-02,48.59,,50.7,55.52,55.87,52.67
2024-08-05,47.76,,49.89,51.72,47.87,49.31
2024-08-06,47.36,,50.38,53.08,49.5,50.08
2024-08-07,46.24,,49.29,53.58,52.0,50.28
2024-08-08,47.27,,51.09,51.68,50.57,50.15
2024-08-09,47.72,,51.54,53.05,51.47,50.94
2024-08-12,48.01,,51.76,55.03,52.37,51.79
2024-08-13,48.79,,53.09,56.38,52.28,52.64
2024-08-14,48.02,,52.38,57.12,53.96,52.87
2024-08-15,49.51,,53.71,57.12,53.96,53.58
2024-08-16,50.14,,54.87,60.78,62.55,57.08
2024-08-19,49.61,,55.23,58.34,55.4,54.64
2024-08-20,49.69,,55.08,60.52,59.36,56.16
2024-08-21,49.5,,55.82,57.91,55.05,54.57
2024-08-22,47.98,,53.14,57.38,53.69,53.05
2024-08-23,47.3,,52.43,54.29,54.57,52.15
2024-08-26,46.98,,50.49,53.36,53.39,51.05
2024-08-27,46.2,,49.84,53.24,52.37,50.41
2024-08-28,44.77,,47.88,53.32,50.36,49.08
2024-08-29,43.49,,39.49,50.59,46.42,44.99
2024-08-30,40.1,,36.62,51.26,44.91,43.22
2024-09-02,40.1,,36.62,48.27,43.3,42.07
2024-09-03,40.3,,35.63,45.23,37.03,39.55
2024-09-04,38.45,,33.23,42.34,33.7,36.93
2024-09-05,37.42,,30.29,41.63,30.9,35.06
2024-09-06,36.64,,27.11,41.54,30.07,33.84
2024-09-09,37.15,,30.14,42.21,30.51,35.0
2024-09-10,36.79,,29.21,41.63,31.26,34.72
2024-09-11,37.84,,29.23,41.22,31.96,35.06
2024-09-12,35.98,,27.89,42.69,33.53,35.02
2024-09-13,35.33,,28.49,40.2,27.65,32.92
2024-09-16,35.1,,28.72,40.2,27.65,32.92
2024-09-17,35.76,,31.22,40.2,27.65,33.71
2024-09-18,35.29,,30.36,40.2,27.65,33.37
2024-09-19,35.09,,31.71,39.87,27.22,33.47
2024-09-20,36.14,,34.22,41.05,28.41,34.95
2024-09-23,37.92,,33.81,42.15,29.72,35.9
2024-09-24,37.85,,34.72,42.35,31.63,36.64
2024-09-25,41.23,,33.81,43.31,32.42,37.69
2024-09-26,66.3,,51.83,53.35,43.77,53.81
2024-09-27,65.28,,50.25,55.85,44.24,53.9
2024-09-30,62.4,,46.85,50.68,45.25,51.3
2024-10-01,58.01,,40.53,50.68,45.25,48.62
2024-10-02,58.31,,40.98,48.44,45.34,48.27
2024-10-03,60.76,,41.44,48.44,45.34,49.0
2024-10-04,61.22,,40.4,49.71,44.31,48.91
2024-10-07,62.05,,38.75,57.03,45.27,50.78
2024-10-08,61.11,,37.47,52.22,44.03,48.71
2024-10-09,59.71,,36.4,52.22,44.03,48.09
2024-10-10,65.57,,37.25,56.56,42.76,50.54
2024-10-11,66.57,,37.83,55.92,43.59,50.98
2024-10-14,67.25,,42.42,56.3,45.82,52.95
2024-10-15,62.23,,40.61,58.89,45.9,51.91
2024-10-16,67.45,,42.22,56.79,44.58,52.76
2024-10-17,70.47,,39.27,60.38,44.17,53.57
2024-10-18,71.79,,38.36,56.62,43.31,52.52
2024-10-21,68.59,,39.54,59.43,42.44,52.5
2024-10-22,68.04,,41.95,56.59,41.68,52.07
2024-10-23,61.83,,39.57,59.88,42.04,50.83
2024-10-24,49.58,,31.88,60.16,40.72,45.59
2024-10-25,52.45,,49.09,60.57,39.58,50.42
2024-10-28,51.69,,52.38,59.69,41.11,51.22
2024-10-29,50.78,,45.14,50.46,37.95,46.08
2024-10-30,44.36,,42.48,52.09,37.59,44.13
2024-10-31,39.29,,39.25,46.36,36.45,40.34
2024-11-01,36.8,,37.68,42.27,35.51,38.07
2024-11-04,39.84,,36.07,51.03,35.52,40.62
2024-11-05,47.03,,39.75,54.16,33.8,43.68
2024-11-06,56.28,,49.99,59.0,34.05,49.83
2024-11-07,55.45,,51.73,57.4,32.64,49.31
2024-11-08,50.09,,46.86,58.0,31.44,46.6
2024-11-11,45.97,,41.69,55.51,31.83,43.75
2024-11-12,39.97,,41.38,50.12,32.64,41.03
2024-11-13,34.7,,40.73,46.84,33.1,38.84
2024-11-14,32.97,,40.79,39.5,33.36,36.66
2024-11-15,31.12,,40.07,41.04,38.77,37.75
2024-11-18,31.93,,42.65,36.95,42.42,38.49
2024-11-19,33.0,,42.67,36.74,42.4,38.7
2024-11-20,34.71,,42.12,36.96,42.62,39.1
2024-11-21,44.08,,44.62,36.37,43.1,42.04
2024-11-22,43.41,,39.73,40.92,42.01,41.51
2024-11-25,46.71,,46.83,42.08,45.96,45.4
2024-11-26,46.3,,61.28,42.04,46.77,49.1
2024-11-27,42.5,,59.43,40.57,44.32,46.71
2024-11-28,42.5,,59.43,37.24,42.02,45.3
2024-11-29,41.23,,62.55,38.16,41.3,45.81
2024-12-02,43.21,,64.88,33.81,41.01,45.72
2024-12-03,43.57,,59.42,37.19,40.36,45.13
2024-12-04,47.13,,60.5,39.6,40.63,46.96
2024-12-05,39.0,,57.64,45.48,41.72,45.96
2024-12-06,40.38,,54.29,40.95,42.75,44.59
2024-12-09,41.04,,51.4,42.84,41.27,44.14
2024-12-10,38.22,,45.52,41.66,39.9,41.32
2024-12-11,40.79,,42.3,41.48,37.37,40.49
2024-12-12,35.59,,39.09,39.8,39.36,38.46
2024-12-13,41.07,,38.63,34.78,37.99,38.12
2024-12-16,51.4,,40.18,38.96,33.22,40.94
2024-12-17,51.32,,38.85,44.17,30.79,41.28
2024-12-18,47.06,,37.52,43.0,31.91,39.87
2024-12-19,42.86,,40.88,40.47,33.5,39.43
2024-12-20,43.75,,40.3,35.96,33.27,38.32
2024-12-23,44.12,,41.54,35.93,31.87,38.37
2024-12-24,43.17,,39.47,32.8,32.79,37.06
2024-12-26,43.31,,34.35,31.15,29.58,34.6
2024-12-27,42.17,,30.91,31.83,28.74,33.41
2024-12-30,41.94,,29.2,31.97,27.45,32.64
2024-12-31,41.29,,28.78,31.97,27.45,32.37
2025-01-02,42.75,,33.43,30.62,27.67,33.62
2025-01-03,45.43,,39.2,39.8,32.67,39.28
2025-01-06,53.57,,43.39,60.63,40.23,49.46
2025-01-07,56.69,,42.37,55.75,38.63,48.36
2025-01-08,53.71,,41.45,55.4,47.04,49.4
2025-01-09,53.71,,41.45,62.1,43.06,50.08
2025-01-10,53.13,,38.76,60.14,40.94,48.24
2025-01-13,50.03,,38.03,55.58,38.46,45.53
2025-01-14,51.42,,35.61,54.75,35.49,44.32
2025-01-15,58.91,,38.33,59.75,36.15,48.28
2025-01-16,57.34,,38.01,65.88,39.13,50.09
2025-01-17,61.42,,40.36,68.52,36.86,51.79
2025-01-20,61.42,,40.36,65.86,35.01,50.66
2025-01-21,64.74,,45.52,66.91,33.37,52.63
2025-01-22,59.95,,41.59,68.2,36.73,51.62
2025-01-23,51.38,,39.77,66.23,32.24,47.41
2025-01-24,49.35,,38.32,68.5,30.99,46.79
2025-01-27,42.4,,39.25,68.5,30.99,45.28
2025-01-28,42.31,,39.6,68.5,30.99,45.35
2025-01-29,43.2,,41.43,68.5,30.99,46.03
2025-01-30,44.47,,49.14,,,46.81
2025-01-31,44.61,,49.26,59.8,30.89,46.14
2025-02-03,44.31,,47.9,56.88,31.16,45.06
2025-02-04,43.83,,45.52,58.0,36.63,46.0
2025-02-05,43.53,,46.3,61.87,37.16,47.21
2025-02-06,42.73,,45.48,65.07,41.1,48.6
2025-02-07,39.7,,45.53,61.65,38.28,46.29
2025-02-10,43.3,,60.28,56.02,47.8,51.85
2025-02-11,41.19,,61.79,55.8,45.62,51.1
2025-02-12,39.9,,58.73,54.88,47.32,50.21
2025-02-13,43.66,,59.07,63.58,50.65,54.24
2025-02-14,50.51,,62.04,63.8,53.81,57.54
2025-02-17,50.51,,62.04,65.67,53.92,58.03
2025-02-18,62.47,,71.03,62.54,54.13,62.54
2025-02-19,57.26,,68.26,65.62,55.9,61.76
2025-02-20,55.02,,69.26,62.4,55.94,60.66
2025-02-21,46.94,,62.16,60.48,57.57,56.79
2025-02-24,41.81,,43.62,56.87,52.78,48.77
2025-02-25,35.06,,43.52,51.39,52.09,45.51
2025-02-26,40.14,,43.83,52.0,47.86,45.96
2025-02-27,35.02,,43.02,49.08,46.52,43.41
2025-02-28,36.11,,42.22,38.34,40.25,39.23
2025-03-03,33.41,,41.76,38.34,40.25,38.44
2025-03-04,33.01,,40.6,35.8,38.12,36.89
2025-03-05,35.41,,39.38,38.62,33.57,36.75
2025-03-06,31.48,,38.85,36.52,35.58,35.61
2025-03-07,34.94,,38.67,33.81,31.29,34.68
2025-03-10,31.73,,38.21,31.4,32.09,33.36
2025-03-11,33.06,,37.47,29.72,27.02,31.82
2025-03-12,40.2,,37.62,41.32,35.15,38.57
2025-03-13,40.06,,36.95,41.85,35.22,38.52
2025-03-14,47.05,,38.59,44.46,34.68,41.19
2025-03-17,48.65,,38.26,44.96,54.5,46.59
2025-03-18,44.45,,36.34,41.53,51.7,43.51
2025-03-19,45.66,,36.55,43.33,54.7,45.06
2025-03-20,54.46,,36.55,44.14,59.99,48.78
2025-03-21,42.5,,35.0,46.78,65.03,47.33
2025-03-24,47.9,,32.16,44.81,63.83,47.18
2025-03-25,43.33,,29.98,42.51,62.44,44.57
2025-03-26,40.64,,29.09,46.64,65.74,45.53
2025-03-27,39.43,,28.33,41.75,66.23,43.94
2025-03-28,39.54,,26.96,37.65,64.44,42.15
2025-03-31,39.81,,27.03,33.79,58.1,39.68
2025-04-01,39.74,,25.32,35.67,61.78,40.63
2025-04-02,38.89,,26.45,35.63,62.4,40.84
2025-04-03,36.42,,29.41,37.24,59.56,40.66
2025-04-04,36.9,,31.38,36.21,53.14,39.41
2025-04-07,36.88,,30.56,34.33,41.72,35.87
2025-04-08,36.51,,31.46,35.42,42.78,36.54
2025-04-09,40.4,,34.09,33.87,39.92,37.07
2025-04-10,37.37,,33.08,37.74,49.79,39.49
2025-04-11,36.76,,32.56,36.92,45.59,37.96
2025-04-14,37.4,,33.52,37.44,50.43,39.7
2025-04-15,37.05,,33.61,37.35,51.15,39.79
2025-04-16,36.72,,33.73,35.67,41.87,37.0
2025-04-17,35.73,,35.09,35.44,40.24,36.62
2025-04-18,35.73,,35.09,33.77,40.38,36.24
2025-04-21,34.05,,34.55,34.29,41.32,36.05
2025-04-22,34.67,,35.1,33.55,39.28,35.65
2025-04-23,36.68,,35.41,35.92,41.18,37.3
2025-04-24,39.06,,36.74,35.9,42.25,38.49
2025-04-25,40.28,,37.62,38.07,42.17,39.53
2025-04-28,39.22,,38.33,36.68,44.28,39.63
2025-04-29,38.32,,38.3,36.58,45.62,39.7
2025-04-30,38.23,,45.22,35.06,41.55,40.01
2025-05-01,38.89,,47.48,35.06,41.55,40.75
2025-05-02,38.36,,50.9,37.26,36.17,40.67
2025-05-05,36.91,,50.45,37.26,36.17,40.2
2025-05-06,36.69,,48.33,37.26,36.17,39.61
2025-05-07,37.57,,46.78,36.58,34.31,38.81
2025-05-08,33.93,,40.45,31.53,29.82,33.93
2025-05-09,29.54,,36.44,30.67,27.05,30.92
2025-05-12,42.44,,43.64,35.06,43.07,41.05
2025-05-13,45.84,,46.34,30.2,35.28,39.42
2025-05-14,47.52,,50.47,37.78,40.05,43.95
2025-05-15,47.11,,51.45,34.79,38.71,43.02
2025-05-16,48.64,,51.47,37.13,36.57,43.45
2025-05-19,48.52,,51.01,32.93,29.54,40.5
2025-05-20,47.92,,55.33,33.29,27.76,41.07
2025-05-21,47.81,,55.78,33.65,27.78,41.25
2025-05-22,43.84,,52.9,31.6,24.9,38.31
2025-05-23,43.49,,54.46,33.7,24.35,39.0
2025-05-26,43.49,,54.46,35.15,25.54,39.66
2025-05-27,45.65,,56.17,33.51,23.8,39.78
2025-05-28,46.49,,58.18,37.37,34.68,44.18
2025-05-29,47.75,,54.05,43.34,39.41,46.14
2025-05-30,45.54,,54.2,40.05,40.62,45.11
2025-06-02,51.01,,55.54,40.02,44.35,47.73
2025-06-03,53.26,,56.98,40.02,44.35,48.65
2025-06-04,56.86,,57.62,48.4,48.24,52.78
2025-06-05,58.51,,58.39,52.39,54.61,55.98
2025-06-06,57.39,,58.23,52.39,54.61,55.66
2025-06-09,59.45,,60.18,54.33,56.65,57.65
2025-06-10,55.64,,56.21,54.45,54.99,55.32
2025-06-11,54.45,,53.16,56.53,50.11,53.56
2025-06-12,52.62,,51.09,54.23,47.19,51.28
2025-06-13,52.21,,51.54,51.99,44.47,50.05
2025-06-16,54.4,,53.98,55.12,37.46,50.24
2025-06-17,57.22,,56.42,56.25,41.36,52.81
2025-06-18,57.53,,56.98,54.47,46.84,53.96
2025-06-19,57.53,,56.98,53.59,44.36,53.12
2025-06-20,58.2,,56.9,55.77,43.12,53.5
2025-06-23,58.65,,57.66,56.35,40.03,53.17
2025-06-24,61.91,,59.67,65.09,51.89,59.64
2025-06-25,62.73,,59.08,66.8,52.11,60.18
2025-06-26,65.12,,59.09,69.64,49.59,60.86
2025-06-27,66.07,,60.13,71.56,50.69,62.11
2025-06-30,64.75,,59.02,72.08,51.82,61.92
2025-07-01,65.95,,59.4,70.53,50.78,61.67
2025-07-02,64.3,,59.21,70.53,51.41,61.36
2025-07-03,64.03,,58.69,69.42,62.33,63.62
2025-07-04,64.03,,58.69,68.78,62.19,63.42
2025-07-07,63.8,,58.26,69.26,62.12,63.36
2025-07-08,65.04,,57.24,70.69,60.45,63.35
2025-07-09,64.33,,56.98,68.62,57.87,61.95
2025-07-10,64.07,,56.49,71.45,57.11,62.28
2025-07-11,63.88,,57.02,71.63,61.8,63.58
2025-07-14,62.58,,57.28,69.96,60.51,62.58
2025-07-15,63.28,,57.08,70.07,61.73,63.04
2025-07-16,59.58,,55.54,69.39,63.49,62.0
2025-07-17,56.57,,54.94,69.79,65.71,61.75
2025-07-18,56.86,,55.36,69.92,66.44,62.14
2025-07-21,54.8,,54.79,70.42,66.04,61.52
2025-07-22,52.04,,54.52,67.4,64.98,59.73
2025-07-23,49.17,,55.3,64.5,63.69,58.16
2025-07-24,49.35,,55.21,62.29,61.47,57.08
2025-07-25,46.77,,55.24,59.19,60.96,55.54
2025-07-28,45.64,,54.6,55.27,67.65,55.79
2025-07-29,46.01,,56.61,54.68,69.85,56.79
2025-07-30,46.76,,57.81,53.26,72.81,57.66
2025-07-31,41.24,,71.28,57.77,70.23,60.13
2025-08-01,40.78,,72.25,52.0,70.89,58.98
2025-08-04,42.68,,71.52,51.42,70.69,59.08
2025-08-05,41.15,,70.3,53.26,71.19,58.98
2025-08-06,40.11,,69.5,49.87,69.84,57.33
2025-08-07,42.01,,69.58,47.01,71.47,57.52
2025-08-08,50.66,,69.54,43.17,72.54,58.98
2025-08-11,55.08,,69.26,50.44,72.13,61.73
2025-08-12,58.89,,70.48,50.44,72.11,62.98
2025-08-13,53.44,,69.96,55.62,71.79,62.7
2025-08-14,52.67,,70.07,44.82,69.67,59.31
2025-08-15,48.84,,69.24,44.82,69.67,58.14
2025-08-18,50.61,,69.98,40.05,67.31,56.99
2025-08-19,47.83,,68.53,38.45,67.06,55.47
2025-08-20,44.77,,66.24,35.75,66.58,53.33
2025-08-21,42.66,,64.84,35.02,67.23,52.44
2025-08-22,44.84,,67.37,37.77,68.22,54.55
2025-08-25,43.17,,69.38,41.16,68.27,55.49
2025-08-26,44.06,,70.0,41.32,58.49,53.47
2025-08-27,44.39,,69.63,42.22,57.94,53.54
2025-08-28,47.28,,58.99,48.57,54.38,52.31
2025-08-29,43.75,,55.94,45.17,53.28,49.54
2025-09-01,43.75,,55.94,38.12,46.87,46.17
2025-09-02,40.78,,55.95,37.7,48.45,45.72
2025-09-03,40.17,,60.93,38.18,49.05,47.08
2025-09-04,47.07,,66.08,38.79,50.01,50.49
2025-09-05,55.32,,68.61,44.52,46.86,53.83
2025-09-08,52.98,,70.21,46.0,46.17,53.84
2025-09-09,54.41,,70.36,50.92,49.58,56.32
2025-09-10,56.96,,70.58,60.42,51.09,59.76
2025-09-11,63.39,69.35,70.64,61.23,52.32,63.38
2025-09-12,67.44,72.59,70.79,69.63,57.87,67.66
2025-09-15,65.57,69.52,73.07,68.16,57.62,66.79
2025-09-16,65.65,69.69,74.02,72.54,62.62,68.9
2025-09-17,65.92,67.4,74.45,68.14,62.99,67.78
2025-09-18,66.3,67.35,75.97,69.55,65.71,68.98
2025-09-19,65.88,65.93,74.46,68.56,65.4,68.05
2025-09-22,67.31,65.71,76.54,70.11,71.36,70.21
2025-09-23,69.67,65.23,77.61,71.9,71.22,71.13
2025-09-24,71.44,67.84,78.05,73.17,72.37,72.57
2025-09-25,71.84,67.91,78.89,73.84,73.11,73.12
2025-09-26,72.15,69.17,78.96,72.09,76.46,73.76
2025-09-29,74.15,72.05,84.55,75.24,73.66,75.93
2025-09-30,74.9,71.51,85.1,74.65,73.66,75.96
2025-10-01,80.11,73.74,87.02,76.64,76.39,78.78
2025-10-02,80.09,71.64,86.69,82.87,80.99,80.46
2025-10-03,80.36,71.51,86.34,82.87,80.99,80.41
2025-10-06,80.62,70.56,85.45,82.87,80.99,80.1
2025-10-07,80.48,70.83,84.63,82.87,80.99,79.96
2025-10-08,81.83,72.05,84.56,,,79.48
2025-10-09,80.25,69.96,84.06,,,78.09
2025-10-10,76.69,66.54,80.55,84.67,83.43,78.38
2025-10-13,78.5,68.22,80.85,83.79,83.55,78.98
2025-10-14,77.89,68.62,78.4,84.0,84.52,78.69
2025-10-15,79.13,70.95,82.2,84.49,85.36,80.42
2025-10-16,81.06,70.91,84.1,86.03,85.87,81.59
2025-10-17,80.15,71.08,83.81,86.51,85.83,81.48
2025-10-20,80.6,71.47,81.35,86.62,85.7,81.15
2025-10-21,78.92,71.77,80.7,86.21,85.19,80.56
2025-10-22,76.91,70.11,79.41,85.63,84.87,79.39
2025-10-23,77.37,76.06,80.94,84.3,82.99,80.33
2025-10-24,79.78,80.72,81.27,85.62,83.63,82.2
2025-10-27,79.32,74.83,78.66,85.48,82.75,80.21
2025-10-28,79.67,72.99,77.38,85.78,81.98,79.56
2025-10-29,78.45,80.6,84.07,86.6,82.15,82.37
2025-10-30,76.88,76.54,82.65,86.41,82.86,81.07
2025-10-31,75.42,74.41,84.13,84.36,83.69,80.4
2025-11-03,77.0,75.8,85.04,86.73,84.8,81.88
2025-11-04,75.74,72.86,85.14,87.82,85.19,81.35
2025-11-05,79.08,76.04,85.28,86.82,83.47,82.14
2025-11-06,78.92,77.12,85.75,86.21,82.67,82.14
2025-11-07,78.03,85.57,86.36,85.74,81.86,83.51
2025-11-10,81.18,87.35,88.16,86.6,83.43,85.35
2025-11-11,78.76,86.01,86.92,86.06,83.83,84.32
2025-11-12,78.92,85.39,85.93,85.56,83.33,83.82
2025-11-13,77.72,80.64,83.83,85.17,82.98,82.07
2025-11-14,79.11,80.49,83.5,84.71,79.36,81.44
2025-11-17,78.46,81.48,84.46,86.1,82.33,82.57
2025-11-18,78.03,78.97,81.47,85.65,80.35,80.9
2025-11-19,77.33,78.46,81.45,84.92,78.89,80.21
2025-11-20,68.4,75.02,74.11,84.9,82.04,76.89
2025-11-21,69.32,74.83,71.87,80.06,75.16,74.25
2025-11-24,76.98,76.95,78.63,79.59,77.52,77.93
2025-11-25,76.34,76.82,79.91,78.71,80.01,78.36
2025-11-26,77.62,75.29,79.25,78.29,82.31,78.55
2025-11-27,77.62,75.29,79.25,79.99,82.23,78.88
2025-11-28,78.77,75.06,79.81,77.51,78.64,77.96
2025-12-01,79.4,72.42,78.59,77.71,78.47,77.32
2025-12-02,77.72,70.2,75.22,78.35,78.67,76.03
2025-12-03,74.37,66.9,71.68,76.19,77.51,73.33
2025-12-04,70.3,69.83,73.62,73.92,77.31,73.0
2025-12-05,73.66,71.68,76.8,73.34,79.62,75.02
2025-12-08,76.06,68.29,76.32,78.47,79.41,75.71
2025-12-09,75.6,65.1,72.86,75.14,76.03,72.95
2025-12-10,76.68,67.23,77.93,78.03,74.81,74.93
2025-12-11,75.75,68.14,79.42,74.0,73.63,74.19
2025-12-12,68.99,60.07,74.3,71.78,72.26,69.48
2025-12-15,67.64,58.31,72.21,67.33,68.61,66.82
2025-12-16,64.45,59.17,72.03,61.93,65.03,64.52
2025-12-17,60.47,55.26,66.24,63.98,70.3,63.25
2025-12-18,71.04,57.95,70.18,63.33,68.08,66.11
2025-12-19,75.22,57.74,73.65,57.1,65.52,65.85
2025-12-22,75.57,56.9,70.38,62.6,68.51,66.79
2025-12-23,73.08,55.31,68.49,61.57,68.46,65.38
2025-12-24,74.41,56.37,67.92,61.51,66.13,65.27
2025-12-26,73.47,53.96,67.48,62.09,73.05,66.01
2025-12-29,74.83,51.24,66.02,69.31,73.74,67.03
2025-12-30,74.36,50.02,64.38,70.37,74.13,66.65
2025-12-31,73.31,49.5,62.64,70.37,74.13,65.99
2026-01-02,80.84,60.07,71.03,74.3,80.68,73.38
2026-01-05,79.35,57.93,70.53,75.52,84.03,73.47
2026-01-06,84.79,67.47,83.04,77.44,86.16,79.78
2026-01-07,84.65,68.11,78.45,77.86,85.94,79.0
2026-01-08,82.18,66.54,73.37,77.58,86.55,77.24
2026-01-09,84.67,70.54,78.2,76.26,86.56,79.25
2026-01-12,84.22,70.36,80.18,75.55,85.66,79.2
2026-01-13,81.49,67.94,79.35,72.52,84.6,77.18
2026-01-14,80.3,67.9,79.21,72.67,85.19,77.06
2026-01-15,79.8,69.42,81.46,70.9,84.77,77.27
2026-01-16,83.11,70.48,80.29,67.85,85.12,77.37
2026-01-19,83.11,70.48,80.29,67.8,84.55,77.25
2026-01-20,82.41,74.28,80.71,67.81,84.01,77.85
2026-01-21,83.79,77.35,82.31,66.86,84.74,79.01
2026-01-22,83.77,76.82,82.56,66.58,84.64,78.87
2026-01-23,84.07,73.76,82.24,67.6,85.26,78.59
2026-01-26,83.32,73.34,83.11,65.51,84.96,78.05
2026-01-27,84.86,72.9,83.46,74.46,86.05,80.35
2026-01-28,86.61,77.43,86.89,75.13,86.35,82.48
2026-01-29,86.74,78.28,87.33,74.87,85.63,82.57
2026-01-30,84.5,80.66,81.94,77.22,84.29,81.72
2026-02-02,83.12,81.4,83.51,77.13,79.48,80.93
2026-02-03,81.48,80.98,84.54,80.1,85.86,82.59
2026-02-04,76.36,73.8,80.56,79.42,85.25,79.08
2026-02-05,77.07,70.76,79.47,77.58,83.28,77.63
2026-02-06,76.65,69.69,80.37,76.15,82.34,77.04
2026-02-09,75.03,66.94,80.64,79.29,83.47,77.07
2026-02-10,74.33,64.07,77.63,78.71,82.91,75.53
2026-02-11,78.93,69.8,80.76,77.47,82.92,77.97
2026-02-12,78.64,70.98,82.21,78.51,84.87,79.04
2026-02-13,78.53,69.65,81.04,77.97,84.77,78.39
2026-02-17,77.04,68.08,82.3,77.97,84.77,78.03
2026-02-18,79.6,67.65,83.74,77.97,84.77,78.75
2026-02-19,78.51,69.68,81.65,78.12,84.6,78.51
2026-02-20,79.1,70.56,81.25,80.27,83.15,78.87
2026-02-23,77.34,68.75,78.81,79.77,82.74,77.48
2026-02-24,76.47,67.26,75.36,80.44,82.36,76.38
2026-02-25,76.54,67.0,79.77,80.27,81.96,77.11
2026-02-26,72.76,66.17,75.46,81.37,81.84,75.52
2026-02-27,71.33,65.32,73.75,79.46,81.44,74.26
2026-03-02,70.5,64.49,69.97,79.46,81.44,73.17
2026-03-03,65.18,61.63,65.79,76.01,79.79,69.68
2026-03-04,69.57,61.65,67.84,68.03,75.45,68.51
2026-03-05,63.38,54.02,64.82,73.55,77.65,66.68
2026-03-06,60.74,51.85,60.88,72.49,78.01,64.79
2026-03-09,62.86,56.88,64.4,62.94,73.21,64.06
2026-03-10,65.19,58.4,65.0,72.13,76.65,67.48
2026-03-11,67.82,60.34,63.35,71.66,76.17,67.87
2026-03-12,62.48,58.57,60.47,69.25,75.74,65.3
2026-03-13,67.31,61.41,64.04,66.24,74.04,66.61
2026-03-16,70.99,63.14,67.02,71.44,75.01,69.52
2026-03-17,73.6,62.86,75.97,70.52,75.62,71.71
2026-03-18,71.28,62.84,71.39,74.11,76.42,71.21
2026-03-19,68.56,61.98,73.03,71.7,74.49,69.95
2026-03-20,65.24,59.22,67.72,71.2,74.45,67.56
2026-03-23,62.68,57.89,67.57,65.22,70.87,64.85
2026-03-24,60.02,56.8,68.15,69.58,72.14,65.34
2026-03-25,58.27,54.24,66.54,70.36,71.72,64.23
2026-03-26,56.63,49.2,60.22,65.59,68.07,59.94
2026-03-27,57.26,50.57,60.68,64.34,67.49,60.07
2026-03-30,55.43,46.07,57.09,60.86,64.68,56.82
2026-03-31,53.8,48.5,57.79,52.9,55.99,53.79
2026-04-01,60.97,54.6,68.2,61.06,69.4,62.85
2026-04-02,59.56,52.86,66.1,54.89,62.01,59.08
2026-04-03,59.56,52.86,66.1,57.87,64.37,60.15
2026-04-06,60.59,53.93,68.71,56.53,66.55,61.26
2026-04-07,62.08,52.82,71.16,58.41,68.35,62.56
2026-04-08,67.99,57.36,76.55,70.41,74.9,69.44
2026-04-09,70.18,60.31,74.93,67.35,72.92,69.14
2026-04-10,69.92,59.77,75.69,68.88,72.97,69.45
2026-04-13,70.84,63.26,76.11,69.38,70.27,69.97
2026-04-14,77.92,61.85,78.17,73.33,72.33,72.72
2026-04-15,74.98,60.13,76.12,74.24,73.19,71.73
2026-04-16,75.22,59.68,75.06,75.39,74.55,71.98
2026-04-17,73.55,59.16,75.94,74.27,74.02,71.39
2026-04-20,70.54,57.9,74.74,76.44,73.41,70.61
2026-04-21,69.56,57.13,76.88,78.67,73.72,71.19
2026-04-22,76.24,60.21,76.99,77.45,72.09,72.6
2026-04-23,74.12,57.6,77.41,76.94,73.86,71.99
2026-04-24,72.07,55.32,72.78,75.46,70.35,69.2
2026-04-27,74.88,57.51,72.21,77.06,70.37,70.41
2026-04-28,67.85,53.76,69.87,73.9,67.32,66.54
2026-04-29,68.65,54.38,72.47,71.66,67.36,66.9
2026-04-30,66.03,52.51,70.05,66.07,61.75,63.28
2026-05-01,69.43,56.06,71.08,66.07,61.75,64.88
2026-05-04,72.26,58.63,72.67,74.17,67.8,69.1
2026-05-05,77.91,63.33,73.88,74.17,67.8,71.42
2026-05-06,77.81,62.31,71.83,77.89,75.79,73.13
2026-05-07,78.82,60.87,74.36,79.53,77.55,74.23
2026-05-08,82.44,67.37,73.25,76.58,75.16,74.96
2026-05-11,84.48,65.65,76.72,79.71,77.41,76.79
2026-05-12,84.69,63.12,75.74,81.85,78.6,76.8
2026-05-13,85.59,62.16,75.74,84.19,79.21,77.38
2026-05-14,84.78,59.29,73.67,84.91,80.39,76.61
2026-05-15,84.01,59.11,74.32,85.09,77.82,76.07
2026-05-18,81.81,56.84,70.34,85.39,79.78,74.83
2026-05-19,82.81,57.78,69.49,83.69,77.95,74.35
2026-05-20,84.17,57.54,70.35,83.2,78.24,74.7
2026-05-21,85.68,62.76,73.94,86.69,83.77,78.57
2026-05-22,85.92,60.65,74.37,86.32,82.01,77.85
2026-05-26,89.42,64.06,79.68,87.61,82.56,80.67
2026-05-27,89.41,62.44,79.66,88.25,81.88,80.33
2026-05-28,89.35,64.84,79.37,88.87,80.66,80.62
2026-05-29,89.5,64.78,78.03,89.25,86.08,81.53
2026-06-01,90.44,66.26,78.68,89.78,89.0,82.83
2026-06-02,90.59,64.9,79.28,89.78,89.27,82.76
2026-06-03,90.2,64.1,80.01,89.78,89.27,82.67
2026-06-04,89.1,60.99,78.69,88.87,89.01,81.33
2026-06-05,88.18,57.0,74.4,87.67,88.35,79.12
2026-06-08,88.66,56.04,74.69,84.4,83.28,77.41
2026-06-09,87.66,54.54,71.4,87.93,85.75,77.45
2026-06-10,85.73,52.09,65.64,85.55,83.06,74.41
2026-06-11,87.93,59.12,68.85,85.86,82.29,76.81
2026-06-12,87.25,60.08,74.41,85.61,84.53,78.38
2026-06-15,88.85,62.91,83.14,87.12,85.9,81.58
2026-06-16,86.95,59.58,84.15,86.36,84.26,80.26
2026-06-17,87.38,59.11,85.84,87.84,84.42,80.92
2026-06-18,88.51,64.95,87.51,88.63,86.05,83.13
2026-06-19,88.51,64.95,87.51,88.87,85.18,83.0
2026-06-22,89.11,65.25,87.68,88.82,84.03,82.98
2026-06-23,87.7,63.43,86.77,87.69,80.02,81.12
2026-06-24,86.02,60.73,84.36,87.2,84.41,80.54
2026-06-25,89.33,71.18,85.95,89.42,85.85,84.35
2026-06-26,88.67,67.96,78.42,87.85,84.66,81.51
2026-06-29,88.02,65.29,83.44,86.55,81.37,80.93
2026-06-30,87.52,68.57,81.8,86.1,81.48,81.09
2026-07-01,82.8,64.52,77.15,85.38,76.74,77.32
2026-07-02,81.12,57.48,70.43,77.23,68.64,70.98
2026-07-03,81.12,57.48,70.43,81.94,74.16,73.03
2026-07-06,80.31,55.58,73.27,79.84,75.68,72.94
2026-07-07,77.27,49.77,66.64,74.43,66.7,66.96
2026-07-08,77.38,53.57,68.32,71.47,62.72,66.69
2026-07-09,77.38,53.57,68.32,73.63,62.36,67.05
