date,tci,level,breadth_pct,persistence,n_avail,theme_nav
2023-02-03,24.184,53.742,0.0,0.0,4,0.775
2023-02-06,23.774,52.83,0.0,0.0,4,0.75
2023-02-07,24.111,53.58,0.0,0.0,4,0.765
2023-02-08,23.537,52.305,0.0,0.0,4,0.77
2023-02-09,23.597,52.437,0.0,0.0,4,0.765
2023-02-10,23.267,51.704,0.0,0.0,4,0.766
2023-02-13,23.309,51.798,0.0,0.0,4,0.761
2023-02-14,24.38,54.177,0.0,0.0,4,0.777
2023-02-15,24.972,55.493,0.0,0.0,4,0.77
2023-02-16,25.407,56.46,0.0,0.0,4,0.767
2023-02-17,25.327,56.283,0.0,0.0,4,0.754
2023-02-20,25.237,56.082,0.0,0.0,4,0.756
2023-02-21,21.914,48.697,0.0,0.0,4,0.74
2023-02-22,20.762,46.138,0.0,0.0,4,0.729
2023-02-23,22.583,50.185,0.0,0.0,4,0.746
2023-02-24,21.737,48.304,0.0,0.0,4,0.735
2023-02-27,20.886,46.412,0.0,0.0,4,0.727
2023-02-28,18.47,41.044,0.0,0.0,4,0.726
2023-03-01,18.19,40.422,0.0,0.0,4,0.719
2023-03-02,17.706,39.348,0.0,0.0,4,0.716
2023-03-03,16.266,36.147,0.0,0.0,4,0.715
2023-03-06,15.913,35.362,0.0,0.0,4,0.719
2023-03-07,14.306,31.791,0.0,0.0,4,0.709
2023-03-08,13.174,29.276,0.0,0.0,4,0.711
2023-03-09,11.118,24.706,0.0,0.0,4,0.7
2023-03-10,12.246,27.214,0.0,0.0,4,0.687
2023-03-13,13.526,30.058,0.0,0.0,4,0.683
2023-03-14,13.46,29.912,0.0,0.0,4,0.675
2023-03-15,12.999,28.886,0.0,0.0,4,0.668
2023-03-16,13.994,31.097,0.0,0.0,4,0.681
2023-03-17,16.765,37.256,0.0,0.0,4,0.694
2023-03-20,17.054,37.897,0.0,0.0,4,0.694
2023-03-21,17.323,38.496,0.0,0.0,4,0.699
2023-03-22,17.833,39.628,0.0,0.0,4,0.703
2023-03-23,20.614,45.809,0.0,0.0,4,0.722
2023-03-24,19.745,43.878,0.0,0.0,4,0.721
2023-03-27,19.8,44.001,0.0,0.0,4,0.71
2023-03-28,22.029,48.953,0.0,0.0,4,0.714
2023-03-29,23.599,52.442,0.0,0.0,4,0.734
2023-03-30,24.582,54.626,0.0,0.0,4,0.741
2023-03-31,24.359,54.131,0.0,0.0,4,0.737
2023-04-03,23.705,52.679,0.0,0.0,4,0.727
2023-04-04,23.3,51.779,0.0,0.0,4,0.709
2023-04-05,23.015,51.145,0.0,0.0,4,0.705
2023-04-06,22.732,50.517,0.0,0.0,4,0.704
2023-04-07,25.894,57.541,0.0,0.0,4,0.742
2023-04-10,29.778,66.173,0.0,0.0,4,0.778
2023-04-11,29.758,66.128,0.0,0.0,4,0.783
2023-04-12,29.554,65.676,0.0,0.0,4,0.773
2023-04-13,29.413,65.363,0.0,0.0,4,0.768
2023-04-14,28.396,63.102,0.0,0.0,4,0.758
2023-04-17,28.674,63.721,0.0,0.0,4,0.759
2023-04-18,27.887,61.97,0.0,0.0,4,0.755
2023-04-19,26.781,59.513,0.0,0.0,4,0.746
2023-04-20,25.998,57.773,0.0,0.0,4,0.74
2023-04-21,25.683,57.074,0.0,0.0,4,0.744
2023-04-24,24.227,53.839,0.0,0.0,4,0.73
2023-04-25,22.861,50.801,0.0,0.0,4,0.714
2023-04-26,25.837,57.416,0.0,0.0,4,0.731
2023-04-27,25.58,56.844,0.0,0.0,4,0.739
2023-04-28,27.634,61.408,0.0,0.0,4,0.759
2023-05-01,26.949,59.887,0.0,0.0,4,0.743
2023-05-02,26.789,59.531,0.0,0.0,4,0.741
2023-05-03,26.12,58.045,0.0,0.0,4,0.734
2023-05-04,25.262,56.138,0.0,0.0,4,0.729
2023-05-05,25.561,56.801,0.0,0.0,4,0.738
2023-05-08,23.436,52.08,0.0,0.0,4,0.744
2023-05-09,21.231,47.179,0.0,0.0,4,0.736
2023-05-10,19.739,43.864,0.0,0.0,4,0.726
2023-05-11,18.963,42.141,0.0,0.0,4,0.727
2023-05-12,18.566,41.257,0.0,0.0,4,0.729
2023-05-15,22.983,51.074,0.0,0.0,4,0.76
2023-05-16,24.009,53.352,0.0,0.0,4,0.769
2023-05-17,24.713,54.919,0.0,0.0,4,0.776
2023-05-18,27.1,60.222,0.0,0.0,4,0.8
2023-05-19,28.618,63.595,0.0,0.0,4,0.815
2023-05-22,28.881,64.179,0.0,0.0,4,0.811
2023-05-23,28.441,63.202,0.0,0.0,4,0.807
2023-05-24,27.738,61.64,0.0,0.0,4,0.805
2023-05-25,28.509,63.354,0.0,0.0,4,0.831
2023-05-26,31.051,69.002,0.0,0.0,4,0.87
2023-05-30,31.756,70.568,0.0,0.0,4,0.873
2023-05-31,32.746,72.769,0.0,0.0,4,0.849
2023-06-01,40.446,73.214,25.0,0.0,4,0.855
2023-06-02,40.854,74.121,25.0,0.0,4,0.866
2023-06-05,40.756,73.903,25.0,0.0,4,0.851
2023-06-06,40.78,73.956,25.0,0.0,4,0.854
2023-06-07,40.758,73.906,25.0,0.0,4,0.852
2023-06-08,40.452,73.227,25.0,0.0,4,0.85
2023-06-09,40.606,73.57,25.0,0.0,4,0.863
2023-06-12,40.7,73.777,25.0,0.0,4,0.869
2023-06-13,39.248,70.55,25.0,0.0,4,0.884
2023-06-14,39.615,71.366,25.0,0.0,4,0.885
2023-06-15,39.345,70.766,25.0,0.0,4,0.887
2023-06-16,38.788,69.53,25.0,0.0,4,0.881
2023-06-19,38.613,69.139,25.0,0.0,4,0.862
2023-06-20,37.257,66.126,25.0,0.0,4,0.855
2023-06-21,36.515,64.477,25.0,0.0,4,0.843
2023-06-22,36.791,65.091,25.0,0.0,4,0.845
2023-06-23,36.842,65.206,25.0,0.0,4,0.839
2023-06-26,28.258,62.796,0.0,0.0,4,0.84
2023-06-27,27.107,60.238,0.0,0.0,4,0.848
2023-06-28,25.925,57.611,0.0,0.0,4,0.849
2023-06-29,24.802,55.116,0.0,0.0,4,0.842
2023-06-30,24.257,53.905,0.0,0.0,4,0.837
2023-07-03,25.151,55.89,0.0,0.0,4,0.85
2023-07-04,24.912,55.36,0.0,0.0,4,0.851
2023-07-05,23.864,53.032,0.0,0.0,4,0.835
2023-07-06,22.51,50.022,0.0,0.0,4,0.824
2023-07-07,21.148,46.997,0.0,0.0,4,0.816
2023-07-10,21.309,47.353,0.0,0.0,4,0.819
2023-07-11,23.065,51.256,0.0,0.0,4,0.837
2023-07-12,23.6,52.444,0.0,0.0,4,0.843
2023-07-13,23.506,52.236,0.0,0.0,4,0.848
2023-07-14,25.042,55.648,0.0,0.0,4,0.86
2023-07-17,25.062,55.693,0.0,0.0,4,0.859
2023-07-18,24.086,53.524,0.0,0.0,4,0.852
2023-07-19,23.918,53.151,0.0,0.0,4,0.853
2023-07-20,23.247,51.659,0.0,0.0,4,0.845
2023-07-21,23.639,52.532,0.0,0.0,4,0.843
2023-07-24,23.411,52.023,0.0,0.0,4,0.844
2023-07-25,22.988,51.084,0.0,0.0,4,0.841
2023-07-26,22.594,50.21,0.0,0.0,4,0.846
2023-07-27,38.376,68.614,25.0,0.0,4,0.9
2023-07-28,38.085,67.966,25.0,0.0,4,0.906
2023-07-31,37.85,67.444,25.0,0.0,4,0.899
2023-08-01,38.764,69.475,25.0,0.0,4,0.905
2023-08-02,37.326,66.279,25.0,0.0,4,0.881
2023-08-03,37.269,66.153,25.0,0.0,4,0.886
2023-08-04,36.832,65.183,25.0,0.0,4,0.888
2023-08-07,36.768,65.041,25.0,0.0,4,0.89
2023-08-08,28.047,62.327,0.0,0.0,4,0.874
2023-08-09,28.424,63.165,0.0,0.0,4,0.872
2023-08-10,27.018,60.04,0.0,0.0,4,0.863
2023-08-11,25.216,56.036,0.0,0.0,4,0.851
2023-08-14,26.259,58.352,0.0,0.0,4,0.866
2023-08-15,25.004,55.565,0.0,0.0,4,0.831
2023-08-16,24.392,54.204,0.0,0.0,4,0.825
2023-08-17,23.753,52.785,0.0,0.0,4,0.82
2023-08-18,23.605,52.455,0.0,0.0,4,0.82
2023-08-21,23.755,52.789,0.0,0.0,4,0.824
2023-08-22,23.358,51.906,0.0,0.0,4,0.823
2023-08-23,23.581,52.402,0.0,0.0,4,0.833
2023-08-24,22.33,49.622,0.0,0.0,4,0.834
2023-08-25,18.081,40.181,0.0,0.0,4,0.821
2023-08-28,18.244,40.542,0.0,0.0,4,0.834
2023-08-29,18.522,41.16,0.0,0.0,4,0.844
2023-08-30,19.57,43.488,0.0,0.0,4,0.856
2023-08-31,21.107,46.905,0.0,0.0,4,0.878
2023-09-01,24.207,53.794,0.0,0.0,4,0.894
2023-09-04,24.41,54.245,0.0,0.0,4,0.892
2023-09-05,24.525,54.501,0.0,0.0,4,0.89
2023-09-06,23.496,52.214,0.0,0.0,4,0.884
2023-09-07,22.393,49.762,0.0,0.0,4,0.875
2023-09-08,21.922,48.714,0.0,0.0,4,0.867
2023-09-11,22.243,49.428,0.0,0.0,4,0.869
2023-09-12,22.239,49.421,0.0,0.0,4,0.868
2023-09-13,23.428,52.061,0.0,0.0,4,0.879
2023-09-14,25.256,56.125,0.0,0.0,4,0.893
2023-09-15,25.221,56.046,0.0,0.0,4,0.888
2023-09-18,24.757,55.015,0.0,0.0,4,0.879
2023-09-19,24.869,55.264,0.0,0.0,4,0.88
2023-09-20,25.301,56.224,0.0,0.0,4,0.882
2023-09-21,23.542,52.315,0.0,0.0,4,0.866
2023-09-22,24.026,53.391,0.0,0.0,4,0.874
2023-09-25,24.451,54.336,0.0,0.0,4,0.871
2023-09-26,23.568,52.372,0.0,0.0,4,0.861
2023-09-27,23.599,52.443,0.0,0.0,4,0.863
2023-09-28,23.349,51.886,0.0,0.0,4,0.855
2023-09-29,23.556,52.347,0.0,0.0,4,0.872
2023-10-02,23.378,51.95,0.0,0.0,4,0.87
2023-10-04,22.476,49.947,0.0,0.0,4,0.865
2023-10-05,22.532,50.071,0.0,0.0,4,0.878
2023-10-06,22.307,49.57,0.0,0.0,4,0.881
2023-10-09,21.803,48.452,0.0,0.0,4,0.868
2023-10-10,21.639,48.086,0.0,0.0,4,0.866
2023-10-11,23.395,51.989,0.0,0.0,4,0.88
2023-10-12,24.298,53.995,0.0,0.0,4,0.887
2023-10-13,23.377,51.95,0.0,0.0,4,0.883
2023-10-16,22.684,50.409,0.0,0.0,4,0.88
2023-10-17,24.42,54.267,0.0,0.0,4,0.889
2023-10-18,24.438,54.306,0.0,0.0,4,0.895
2023-10-19,22.981,51.068,0.0,0.0,4,0.872
2023-10-20,22.006,48.902,0.0,0.0,4,0.869
2023-10-23,21.307,47.349,0.0,0.0,4,0.857
2023-10-24,22.689,50.421,0.0,0.0,4,0.872
2023-10-25,22.104,49.12,0.0,0.0,4,0.863
2023-10-26,22.271,49.492,0.0,0.0,4,0.819
2023-10-27,22.543,50.097,0.0,0.0,4,0.827
2023-10-30,24.123,53.608,0.0,0.0,4,0.843
2023-10-31,23.586,52.412,0.0,0.0,4,0.831
2023-11-01,27.164,60.365,0.0,0.0,4,0.86
2023-11-02,29.087,64.638,0.0,0.0,4,0.878
2023-11-03,29.757,66.127,0.0,0.0,4,0.889
2023-11-06,38.644,69.208,25.0,0.0,4,0.908
2023-11-07,30.388,67.528,0.0,0.0,4,0.903
2023-11-08,29.787,66.192,0.0,0.0,4,0.894
2023-11-09,30.511,67.802,0.0,0.0,4,0.905
2023-11-10,31.58,70.177,0.0,0.0,4,0.92
2023-11-13,39.113,70.252,25.0,0.0,4,0.921
2023-11-14,31.56,70.133,0.0,0.0,4,0.93
2023-11-15,40.015,72.256,25.0,0.0,4,0.942
2023-11-16,31.725,70.501,0.0,0.0,4,0.94
2023-11-17,31.809,70.686,0.0,0.0,4,0.94
2023-11-20,39.559,71.243,25.0,0.0,4,0.95
2023-11-21,31.366,69.701,0.0,0.0,4,0.941
2023-11-22,31.121,69.158,0.0,0.0,4,0.944
2023-11-23,29.747,66.105,0.0,0.0,4,0.937
2023-11-24,26.967,59.927,0.0,0.0,4,0.929
2023-11-27,27.176,60.392,0.0,0.0,4,0.937
2023-11-28,27.123,60.274,0.0,0.0,4,0.937
2023-11-29,26.662,59.249,0.0,0.0,4,0.939
2023-11-30,25.492,56.649,0.0,0.0,4,0.949
2023-12-01,25.05,55.666,0.0,0.0,4,0.944
2023-12-04,23.362,51.917,0.0,0.0,4,0.934
2023-12-05,23.064,51.252,0.0,0.0,4,0.915
2023-12-06,22.753,50.561,0.0,0.0,4,0.914
2023-12-07,22.812,50.694,0.0,0.0,4,0.918
2023-12-08,24.368,54.152,0.0,0.0,4,0.931
2023-12-11,26.076,57.946,0.0,0.0,4,0.951
2023-12-12,26.792,59.538,0.0,0.0,4,0.959
2023-12-13,26.03,57.844,0.0,0.0,4,0.966
2023-12-14,27.518,61.151,0.0,0.0,4,0.988
2023-12-15,27.609,61.352,0.0,0.0,4,0.99
2023-12-18,27.676,61.502,0.0,0.0,4,0.988
2023-12-19,27.862,61.915,0.0,0.0,4,0.991
2023-12-20,27.582,61.293,0.0,0.0,4,0.982
2023-12-21,30.448,67.663,0.0,0.0,4,1.018
2023-12-22,30.618,68.041,0.0,0.0,4,1.026
2023-12-26,30.786,68.413,0.0,0.0,4,1.031
2023-12-27,30.823,68.495,0.0,0.0,4,1.032
2023-12-28,31.239,69.419,0.0,0.0,4,1.036
2023-12-29,30.741,68.313,0.0,0.0,4,1.027
2024-01-02,29.987,66.637,0.0,0.0,4,1.016
2024-01-03,30.033,66.741,0.0,0.0,4,0.994
2024-01-04,29.922,66.493,0.0,0.0,4,0.992
2024-01-05,28.848,64.108,0.0,0.0,4,0.997
2024-01-08,28.663,63.696,0.0,0.0,4,0.999
2024-01-09,28.265,62.811,0.0,0.0,4,0.987
2024-01-10,27.023,60.05,0.0,0.0,4,0.979
2024-01-11,27.265,60.588,0.0,0.0,4,0.986
2024-01-12,25.763,57.25,0.0,0.0,4,0.976
2024-01-15,25.865,57.477,0.0,0.0,4,0.981
2024-01-16,25.943,57.652,0.0,0.0,4,0.991
2024-01-17,25.043,55.651,0.0,0.0,4,0.98
2024-01-18,27.569,61.264,0.0,0.0,4,1.002
2024-01-19,31.208,69.352,0.0,0.0,4,1.036
2024-01-22,31.46,69.911,0.0,0.0,4,1.055
2024-01-23,30.364,67.475,0.0,0.0,4,1.051
2024-01-24,30.086,66.857,0.0,0.0,4,1.051
2024-01-25,30.277,67.283,0.0,0.0,4,1.057
2024-01-26,29.787,66.194,0.0,0.0,4,1.039
2024-01-29,29.972,66.603,0.0,0.0,4,1.051
2024-01-30,29.231,64.958,0.0,0.0,4,1.038
2024-01-31,27.62,61.378,0.0,0.0,4,1.023
2024-02-01,26.825,59.612,0.0,0.0,4,1.023
2024-02-02,28.413,63.141,0.0,0.0,4,1.039
2024-02-05,27.864,61.92,0.0,0.0,4,1.034
2024-02-06,28.434,63.187,0.0,0.0,4,1.038
2024-02-07,28.006,62.236,0.0,0.0,4,1.04
2024-02-08,28.141,62.535,0.0,0.0,4,1.041
2024-02-09,28.204,62.675,0.0,0.0,4,1.042
2024-02-12,28.141,62.535,0.0,0.0,4,1.048
2024-02-13,28.029,62.286,0.0,0.0,4,1.043
2024-02-14,27.541,61.202,0.0,0.0,4,1.041
2024-02-15,27.006,60.012,0.0,0.0,4,1.037
2024-02-16,25.403,56.45,0.0,0.0,4,1.017
2024-02-19,25.92,57.6,0.0,0.0,4,1.039
2024-02-20,24.29,53.978,0.0,0.0,4,1.039
2024-02-21,23.057,51.237,0.0,0.0,4,1.036
2024-02-22,26.872,59.715,0.0,0.0,4,1.075
2024-02-23,26.679,59.287,0.0,0.0,4,1.084
2024-02-26,27.795,61.768,0.0,0.0,4,1.1
2024-02-27,28.22,62.712,0.0,0.0,4,1.096
2024-02-28,27.701,61.558,0.0,0.0,4,1.099
2024-02-29,28.511,63.357,0.0,0.0,4,1.109
2024-03-01,30.76,68.356,0.0,0.0,4,1.181
2024-03-04,39.963,72.14,25.0,0.0,4,1.209
2024-03-05,39.146,70.324,25.0,0.0,4,1.195
2024-03-06,38.874,69.721,25.0,0.0,4,1.195
2024-03-07,38.53,68.956,25.0,0.0,4,1.205
2024-03-08,38.782,69.515,25.0,0.0,4,1.212
2024-03-11,38.221,68.269,25.0,0.0,4,1.185
2024-03-12,38.777,69.504,25.0,0.0,4,1.2
2024-03-13,30.122,66.937,0.0,0.0,4,1.188
2024-03-14,30.239,67.198,0.0,0.0,4,1.169
2024-03-15,29.499,65.554,0.0,0.0,4,1.161
2024-03-18,29.454,65.454,0.0,0.0,4,1.167
2024-03-19,29.305,65.123,0.0,0.0,4,1.163
2024-03-20,32.23,71.622,0.0,0.0,4,1.184
2024-03-21,61.444,80.986,75.0,10.0,4,1.276
2024-03-22,63.729,80.509,75.0,20.0,4,1.276
2024-03-25,56.02,80.044,50.0,20.0,4,1.297
2024-03-26,67.459,83.243,75.0,30.0,4,1.339
2024-03-27,59.942,83.204,50.0,30.0,4,1.346
2024-03-28,69.964,83.252,75.0,40.0,4,1.344
2024-03-29,72.719,83.82,75.0,50.0,4,1.375
2024-04-01,75.021,83.379,75.0,60.0,4,1.41
2024-04-02,77.597,83.55,75.0,70.0,4,1.41
2024-04-03,79.931,83.181,75.0,80.0,4,1.422
2024-04-04,80.0,83.333,75.0,80.0,4,1.428
2024-04-05,79.821,82.935,75.0,80.0,4,1.427
2024-04-08,82.311,82.913,75.0,90.0,4,1.421
2024-04-09,81.935,82.078,75.0,90.0,4,1.418
2024-04-10,84.41,82.022,75.0,100.0,4,1.412
2024-04-11,84.763,82.808,75.0,100.0,4,1.448
2024-04-12,84.361,81.914,75.0,100.0,4,1.421
2024-04-15,83.925,80.944,75.0,100.0,4,1.405
2024-04-16,73.188,79.306,50.0,90.0,4,1.383
2024-04-17,62.43,77.621,25.0,80.0,4,1.357
2024-04-18,66.567,75.704,50.0,70.0,4,1.345
2024-04-19,45.72,68.266,0.0,60.0,4,1.294
2024-04-22,42.002,65.559,0.0,50.0,4,1.296
2024-04-23,40.552,67.893,0.0,40.0,4,1.316
2024-04-24,39.599,71.331,0.0,30.0,4,1.343
2024-04-25,35.169,67.041,0.0,20.0,4,1.315
2024-04-26,34.176,70.39,0.0,10.0,4,1.349
2024-04-29,30.669,68.153,0.0,0.0,4,1.337
2024-04-30,30.709,68.242,0.0,0.0,4,1.338
2024-05-01,29.537,65.637,0.0,0.0,4,1.316
2024-05-02,29.471,65.492,0.0,0.0,4,1.321
2024-05-03,29.822,66.271,0.0,0.0,4,1.331
2024-05-06,30.856,68.569,0.0,0.0,4,1.378
2024-05-07,32.732,72.738,0.0,0.0,4,1.399
2024-05-08,32.277,71.727,0.0,0.0,4,1.399
2024-05-09,30.883,68.629,0.0,0.0,4,1.383
2024-05-10,31.126,69.169,0.0,0.0,4,1.397
2024-05-13,30.211,67.136,0.0,0.0,4,1.404
2024-05-14,31.258,69.462,0.0,0.0,4,1.424
2024-05-15,31.452,69.894,0.0,0.0,4,1.462
2024-05-16,31.292,69.537,0.0,0.0,4,1.469
2024-05-17,29.512,65.581,0.0,0.0,4,1.442
2024-05-20,30.408,67.574,0.0,0.0,4,1.465
2024-05-21,29.903,66.45,0.0,0.0,4,1.467
2024-05-22,28.412,63.137,0.0,0.0,4,1.468
2024-05-23,28.598,63.551,0.0,0.0,4,1.479
2024-05-24,28.085,62.41,0.0,0.0,4,1.477
2024-05-27,28.263,62.806,0.0,0.0,4,1.501
2024-05-28,27.816,61.813,0.0,0.0,4,1.52
2024-05-29,26.998,59.996,0.0,0.0,4,1.512
2024-05-30,25.884,57.521,0.0,0.0,4,1.466
2024-05-31,25.112,55.805,0.0,0.0,4,1.449
2024-06-03,26.261,58.358,0.0,0.0,4,1.477
2024-06-04,25.491,56.646,0.0,0.0,4,1.464
2024-06-05,28.034,62.298,0.0,0.0,4,1.51
2024-06-06,27.235,60.521,0.0,0.0,4,1.473
2024-06-07,28.823,64.051,0.0,0.0,4,1.5
2024-06-10,29.481,65.514,0.0,0.0,4,1.515
2024-06-11,29.19,64.868,0.0,0.0,4,1.519
2024-06-12,30.661,68.135,0.0,0.0,4,1.559
2024-06-13,31.98,71.067,0.0,0.0,4,1.591
2024-06-14,32.098,71.328,0.0,0.0,4,1.582
2024-06-17,31.466,69.924,0.0,0.0,4,1.605
2024-06-18,32.692,72.649,0.0,0.0,4,1.652
2024-06-19,32.706,72.681,0.0,0.0,4,1.663
2024-06-20,31.802,70.672,0.0,0.0,4,1.626
2024-06-21,30.732,68.294,0.0,0.0,4,1.596
2024-06-24,30.542,67.872,0.0,0.0,4,1.577
2024-06-25,30.671,68.158,0.0,0.0,4,1.595
2024-06-26,30.765,68.367,0.0,0.0,4,1.615
2024-06-27,37.067,65.704,25.0,0.0,4,1.593
2024-06-28,27.664,61.475,0.0,0.0,4,1.586
2024-07-01,27.221,60.491,0.0,0.0,4,1.589
2024-07-02,27.013,60.028,0.0,0.0,4,1.595
2024-07-03,27.797,61.77,0.0,0.0,4,1.614
2024-07-04,28.551,63.446,0.0,0.0,4,1.621
2024-07-05,28.046,62.324,0.0,0.0,4,1.625
2024-07-08,27.486,61.081,0.0,0.0,4,1.626
2024-07-09,27.467,61.038,0.0,0.0,4,1.637
2024-07-10,29.078,64.619,0.0,0.0,4,1.664
2024-07-11,27.631,61.401,0.0,0.0,4,1.635
2024-07-12,27.247,60.55,0.0,0.0,4,1.622
2024-07-15,27.627,61.393,0.0,0.0,4,1.62
2024-07-16,27.126,60.28,0.0,0.0,4,1.611
2024-07-17,26.792,59.537,0.0,0.0,4,1.532
2024-07-18,25.731,57.181,0.0,0.0,4,1.504
2024-07-19,24.56,54.578,0.0,0.0,4,1.475
2024-07-22,24.341,54.092,0.0,0.0,4,1.482
2024-07-23,24.015,53.367,0.0,0.0,4,1.482
2024-07-24,22.733,50.519,0.0,0.0,4,1.462
2024-07-25,22.733,50.519,0.0,0.0,4,1.385
2024-07-26,23.606,52.457,0.0,0.0,4,1.406
2024-07-29,23.648,52.552,0.0,0.0,4,1.4
2024-07-30,23.247,51.659,0.0,0.0,4,1.353
2024-07-31,26.61,59.132,0.0,0.0,4,1.42
2024-08-01,24.973,55.496,0.0,0.0,4,1.353
2024-08-02,23.702,52.672,0.0,0.0,4,1.255
2024-08-05,22.189,49.308,0.0,0.0,4,1.183
2024-08-06,22.534,50.076,0.0,0.0,4,1.199
2024-08-07,22.625,50.278,0.0,0.0,4,1.205
2024-08-08,22.57,50.155,0.0,0.0,4,1.223
2024-08-09,22.925,50.945,0.0,0.0,4,1.25
2024-08-12,23.307,51.794,0.0,0.0,4,1.272
2024-08-13,23.687,52.637,0.0,0.0,4,1.299
2024-08-14,23.792,52.871,0.0,0.0,4,1.322
2024-08-15,24.109,53.575,0.0,0.0,4,1.387
2024-08-16,25.688,57.085,0.0,0.0,4,1.431
2024-08-19,24.59,54.644,0.0,0.0,4,1.42
2024-08-20,25.273,56.163,0.0,0.0,4,1.427
2024-08-21,24.556,54.57,0.0,0.0,4,1.416
2024-08-22,23.871,53.046,0.0,0.0,4,1.395
2024-08-23,23.467,52.149,0.0,0.0,4,1.379
2024-08-26,22.975,51.054,0.0,0.0,4,1.339
2024-08-27,22.685,50.411,0.0,0.0,4,1.326
2024-08-28,22.087,49.082,0.0,0.0,4,1.325
2024-08-29,20.248,44.995,0.0,0.0,4,1.302
2024-08-30,19.45,43.221,0.0,0.0,4,1.327
2024-09-02,18.933,42.072,0.0,0.0,4,1.329
2024-09-03,17.797,39.548,0.0,0.0,4,1.27
2024-09-04,16.619,36.932,0.0,0.0,4,1.236
2024-09-05,15.776,35.057,0.0,0.0,4,1.239
2024-09-06,15.228,33.84,0.0,0.0,4,1.213
2024-09-09,15.751,35.003,0.0,0.0,4,1.217
2024-09-10,15.625,34.723,0.0,0.0,4,1.211
2024-09-11,15.779,35.065,0.0,0.0,4,1.224
2024-09-12,15.76,35.022,0.0,0.0,4,1.242
2024-09-13,14.813,32.917,0.0,0.0,4,1.245
2024-09-16,14.813,32.917,0.0,0.0,4,1.208
2024-09-17,15.168,33.707,0.0,0.0,4,1.236
2024-09-18,15.018,33.374,0.0,0.0,4,1.213
2024-09-19,15.062,33.472,0.0,0.0,4,1.202
2024-09-20,15.728,34.952,0.0,0.0,4,1.219
2024-09-23,16.155,35.9,0.0,0.0,4,1.233
2024-09-24,16.487,36.639,0.0,0.0,4,1.241
2024-09-25,16.96,37.689,0.0,0.0,4,1.243
2024-09-26,24.216,53.814,0.0,0.0,4,1.352
2024-09-27,24.257,53.905,0.0,0.0,4,1.343
2024-09-30,23.084,51.297,0.0,0.0,4,1.294
2024-10-01,21.879,48.62,0.0,0.0,4,1.259
2024-10-02,21.721,48.269,0.0,0.0,4,1.245
2024-10-03,22.049,48.997,0.0,0.0,4,1.258
2024-10-04,22.011,48.912,0.0,0.0,4,1.264
2024-10-07,22.849,50.776,0.0,0.0,4,1.288
2024-10-08,21.918,48.706,0.0,0.0,4,1.27
2024-10-09,21.641,48.091,0.0,0.0,4,1.249
2024-10-10,22.741,50.536,0.0,0.0,4,1.267
2024-10-11,22.941,50.979,0.0,0.0,4,1.275
2024-10-14,23.827,52.949,0.0,0.0,4,1.3
2024-10-15,23.358,51.908,0.0,0.0,4,1.299
2024-10-16,23.741,52.759,0.0,0.0,4,1.303
2024-10-17,24.108,53.574,0.0,0.0,4,1.323
2024-10-18,23.632,52.517,0.0,0.0,4,1.301
2024-10-21,23.625,52.5,0.0,0.0,4,1.302
2024-10-22,23.43,52.066,0.0,0.0,4,1.288
2024-10-23,22.873,50.83,0.0,0.0,4,1.296
2024-10-24,20.514,45.586,0.0,0.0,4,1.29
2024-10-25,22.69,50.423,0.0,0.0,4,1.309
2024-10-28,23.047,51.216,0.0,0.0,4,1.31
2024-10-29,20.738,46.084,0.0,0.0,4,1.308
2024-10-30,19.859,44.132,0.0,0.0,4,1.295
2024-10-31,18.151,40.336,0.0,0.0,4,1.259
2024-11-01,17.131,38.068,0.0,0.0,4,1.25
2024-11-04,18.277,40.615,0.0,0.0,4,1.276
2024-11-05,19.657,43.683,0.0,0.0,4,1.288
2024-11-06,22.423,49.829,0.0,0.0,4,1.325
2024-11-07,22.188,49.307,0.0,0.0,4,1.336
2024-11-08,20.969,46.597,0.0,0.0,4,1.33
2024-11-11,19.688,43.752,0.0,0.0,4,1.285
2024-11-12,18.463,41.029,0.0,0.0,4,1.232
2024-11-13,17.479,38.843,0.0,0.0,4,1.195
2024-11-14,16.496,36.657,0.0,0.0,4,1.175
2024-11-15,16.987,37.749,0.0,0.0,4,1.195
2024-11-18,17.319,38.488,0.0,0.0,4,1.214
2024-11-19,17.416,38.702,0.0,0.0,4,1.214
2024-11-20,17.595,39.099,0.0,0.0,4,1.204
2024-11-21,18.919,42.043,0.0,0.0,4,1.229
2024-11-22,18.682,41.515,0.0,0.0,4,1.244
2024-11-25,20.428,45.395,0.0,0.0,4,1.275
2024-11-26,22.093,49.096,0.0,0.0,4,1.285
2024-11-27,21.017,46.705,0.0,0.0,4,1.24
2024-11-28,20.383,45.296,0.0,0.0,4,1.205
2024-11-29,20.614,45.809,0.0,0.0,4,1.201
2024-12-02,20.576,45.724,0.0,0.0,4,1.199
2024-12-03,20.31,45.134,0.0,0.0,4,1.208
2024-12-04,21.134,46.965,0.0,0.0,4,1.223
2024-12-05,20.682,45.96,0.0,0.0,4,1.228
2024-12-06,20.068,44.595,0.0,0.0,4,1.216
2024-12-09,19.862,44.137,0.0,0.0,4,1.219
2024-12-10,18.596,41.324,0.0,0.0,4,1.203
2024-12-11,18.218,40.485,0.0,0.0,4,1.222
2024-12-12,17.306,38.457,0.0,0.0,4,1.212
2024-12-13,17.153,38.117,0.0,0.0,4,1.222
2024-12-16,18.423,40.939,0.0,0.0,4,1.243
2024-12-17,18.577,41.282,0.0,0.0,4,1.242
2024-12-18,17.943,39.874,0.0,0.0,4,1.226
2024-12-19,17.743,39.428,0.0,0.0,4,1.133
2024-12-20,17.245,38.322,0.0,0.0,4,1.135
2024-12-23,17.265,38.367,0.0,0.0,4,1.145
2024-12-24,16.676,37.058,0.0,0.0,4,1.147
2024-12-26,15.568,34.595,0.0,0.0,4,1.147
2024-12-27,15.035,33.41,0.0,0.0,4,1.146
2024-12-30,14.688,32.64,0.0,0.0,4,1.127
2024-12-31,14.568,32.373,0.0,0.0,4,1.12
2025-01-02,15.128,33.617,0.0,0.0,4,1.137
2025-01-03,17.674,39.276,0.0,0.0,4,1.179
2025-01-06,22.255,49.455,0.0,0.0,4,1.254
2025-01-07,21.763,48.361,0.0,0.0,4,1.248
2025-01-08,22.23,49.399,0.0,0.0,4,1.247
2025-01-09,22.536,50.08,0.0,0.0,4,1.267
2025-01-10,21.709,48.242,0.0,0.0,4,1.254
2025-01-13,20.487,45.527,0.0,0.0,4,1.215
2025-01-14,19.943,44.317,0.0,0.0,4,1.226
2025-01-15,21.728,48.284,0.0,0.0,4,1.258
2025-01-16,22.54,50.089,0.0,0.0,4,1.276
2025-01-17,23.305,51.789,0.0,0.0,4,1.293
2025-01-20,22.798,50.662,0.0,0.0,4,1.282
2025-01-21,23.685,52.634,0.0,0.0,4,1.314
2025-01-22,23.228,51.617,0.0,0.0,4,1.336
2025-01-23,21.333,47.408,0.0,0.0,4,1.31
2025-01-24,21.056,46.79,0.0,0.0,4,1.301
2025-01-27,20.378,45.285,0.0,0.0,4,1.196
2025-01-28,20.407,45.349,0.0,0.0,4,1.163
2025-01-29,20.713,46.029,0.0,0.0,4,1.167
2025-01-31,20.763,46.14,0.0,0.0,4,1.173
2025-02-03,20.279,45.065,0.0,0.0,4,1.146
2025-02-04,20.698,45.996,0.0,0.0,4,1.155
2025-02-05,21.246,47.214,0.0,0.0,4,1.182
2025-02-06,21.869,48.598,0.0,0.0,4,1.197
2025-02-07,20.83,46.29,0.0,0.0,4,1.187
2025-02-10,23.332,51.85,0.0,0.0,4,1.223
2025-02-11,22.995,51.099,0.0,0.0,4,1.22
2025-02-12,22.593,50.206,0.0,0.0,4,1.204
2025-02-13,24.409,54.242,0.0,0.0,4,1.233
2025-02-14,25.892,57.539,0.0,0.0,4,1.252
2025-02-17,26.115,58.034,0.0,0.0,4,1.258
2025-02-18,28.144,62.543,0.0,0.0,4,1.3
2025-02-19,27.792,61.76,0.0,0.0,4,1.314
2025-02-20,27.295,60.655,0.0,0.0,4,1.298
2025-02-21,25.555,56.788,0.0,0.0,4,1.267
2025-02-24,21.947,48.771,0.0,0.0,4,1.154
2025-02-25,20.482,45.515,0.0,0.0,4,1.141
2025-02-26,20.68,45.956,0.0,0.0,4,1.15
2025-02-27,19.534,43.409,0.0,0.0,4,1.115
2025-02-28,17.654,39.231,0.0,0.0,4,1.114
2025-03-03,17.299,38.441,0.0,0.0,4,1.114
2025-03-04,16.599,36.886,0.0,0.0,4,1.093
2025-03-05,16.536,36.746,0.0,0.0,4,1.103
2025-03-06,16.024,35.608,0.0,0.0,4,1.069
2025-03-07,15.604,34.676,0.0,0.0,4,1.098
2025-03-10,15.01,33.356,0.0,0.0,4,1.081
2025-03-11,14.317,31.816,0.0,0.0,4,1.089
2025-03-12,17.358,38.574,0.0,0.0,4,1.122
2025-03-13,17.334,38.52,0.0,0.0,4,1.107
2025-03-14,18.538,41.195,0.0,0.0,4,1.168
2025-03-17,20.966,46.591,0.0,0.0,4,1.192
2025-03-18,19.578,43.507,0.0,0.0,4,1.187
2025-03-19,20.276,45.058,0.0,0.0,4,1.197
2025-03-20,21.953,48.784,0.0,0.0,4,1.209
2025-03-21,21.297,47.327,0.0,0.0,4,1.187
2025-03-24,21.23,47.177,0.0,0.0,4,1.183
2025-03-25,20.055,44.566,0.0,0.0,4,1.161
2025-03-26,20.488,45.528,0.0,0.0,4,1.167
2025-03-27,19.771,43.935,0.0,0.0,4,1.155
2025-03-28,18.965,42.146,0.0,0.0,4,1.11
2025-03-31,17.857,39.683,0.0,0.0,4,1.08
2025-04-01,18.283,40.629,0.0,0.0,4,1.1
2025-04-02,18.379,40.843,0.0,0.0,4,1.104
2025-04-03,18.295,40.656,0.0,0.0,4,0.976
2025-04-04,17.734,39.408,0.0,0.0,4,0.871
2025-04-07,16.143,35.873,0.0,0.0,4,0.867
2025-04-08,16.444,36.543,0.0,0.0,4,0.873
2025-04-09,16.681,37.07,0.0,0.0,4,0.948
2025-04-10,17.772,39.493,0.0,0.0,4,0.926
2025-04-11,17.081,37.959,0.0,0.0,4,0.921
2025-04-14,17.863,39.696,0.0,0.0,4,0.945
2025-04-15,17.906,39.791,0.0,0.0,4,0.945
2025-04-16,16.65,37.0,0.0,0.0,4,0.919
2025-04-17,16.48,36.623,0.0,0.0,4,0.92
2025-04-18,16.309,36.242,0.0,0.0,4,0.922
2025-04-21,16.225,36.055,0.0,0.0,4,0.907
2025-04-22,16.043,35.65,0.0,0.0,4,0.915
2025-04-23,16.784,37.298,0.0,0.0,4,0.941
2025-04-24,17.319,38.486,0.0,0.0,4,0.975
2025-04-25,17.791,39.535,0.0,0.0,4,0.994
2025-04-28,17.831,39.626,0.0,0.0,4,0.985
2025-04-29,17.867,39.704,0.0,0.0,4,0.983
2025-04-30,18.006,40.014,0.0,0.0,4,0.989
2025-05-01,18.336,40.746,0.0,0.0,4,0.998
2025-05-02,18.304,40.675,0.0,0.0,4,1.025
2025-05-05,18.09,40.199,0.0,0.0,4,1.029
2025-05-06,17.827,39.615,0.0,0.0,4,1.016
2025-05-07,17.464,38.808,0.0,0.0,4,1.034
2025-05-08,15.269,33.931,0.0,0.0,4,1.05
2025-05-09,13.916,30.924,0.0,0.0,4,1.058
2025-05-12,18.473,41.051,0.0,0.0,4,1.121
2025-05-13,17.737,39.416,0.0,0.0,4,1.15
2025-05-14,19.78,43.954,0.0,0.0,4,1.157
2025-05-15,19.357,43.016,0.0,0.0,4,1.146
2025-05-16,19.553,43.451,0.0,0.0,4,1.155
2025-05-19,18.225,40.501,0.0,0.0,4,1.14
2025-05-20,18.483,41.073,0.0,0.0,4,1.15
2025-05-21,18.564,41.254,0.0,0.0,4,1.128
2025-05-22,17.239,38.309,0.0,0.0,4,1.115
2025-05-23,17.55,39.0,0.0,0.0,4,1.111
2025-05-26,17.848,39.662,0.0,0.0,4,1.125
2025-05-27,17.902,39.783,0.0,0.0,4,1.141
2025-05-28,19.88,44.179,0.0,0.0,4,1.16
2025-05-29,20.762,46.138,0.0,0.0,4,1.168
2025-05-30,20.297,45.105,0.0,0.0,4,1.144
2025-06-02,21.479,47.73,0.0,0.0,4,1.16
2025-06-03,21.894,48.654,0.0,0.0,4,1.201
2025-06-04,23.75,52.778,0.0,0.0,4,1.229
2025-06-05,25.19,55.977,0.0,0.0,4,1.248
2025-06-06,25.045,55.656,0.0,0.0,4,1.261
2025-06-09,25.943,57.651,0.0,0.0,4,1.299
2025-06-10,24.896,55.323,0.0,0.0,4,1.299
2025-06-11,24.104,53.564,0.0,0.0,4,1.307
2025-06-12,23.076,51.28,0.0,0.0,4,1.308
2025-06-13,22.524,50.053,0.0,0.0,4,1.309
2025-06-16,22.608,50.241,0.0,0.0,4,1.346
2025-06-17,23.765,52.811,0.0,0.0,4,1.357
2025-06-18,24.281,53.958,0.0,0.0,4,1.384
2025-06-19,23.902,53.116,0.0,0.0,4,1.376
2025-06-20,24.074,53.497,0.0,0.0,4,1.394
2025-06-23,23.927,53.171,0.0,0.0,4,1.393
2025-06-24,26.839,59.642,0.0,0.0,4,1.449
2025-06-25,27.08,60.178,0.0,0.0,4,1.461
2025-06-26,27.386,60.857,0.0,0.0,4,1.466
2025-06-27,27.95,62.112,0.0,0.0,4,1.454
2025-06-30,27.863,61.917,0.0,0.0,4,1.446
2025-07-01,27.75,61.668,0.0,0.0,4,1.433
2025-07-02,27.614,61.364,0.0,0.0,4,1.448
2025-07-03,28.627,63.617,0.0,0.0,4,1.466
2025-07-04,28.54,63.423,0.0,0.0,4,1.439
2025-07-07,28.512,63.361,0.0,0.0,4,1.415
2025-07-08,28.509,63.353,0.0,0.0,4,1.437
2025-07-09,27.879,61.953,0.0,0.0,4,1.429
2025-07-10,28.025,62.279,0.0,0.0,4,1.457
2025-07-11,28.613,63.584,0.0,0.0,4,1.465
2025-07-14,28.162,62.583,0.0,0.0,4,1.436
2025-07-15,28.369,63.042,0.0,0.0,4,1.448
2025-07-16,27.9,62.0,0.0,0.0,4,1.428
2025-07-17,27.789,61.752,0.0,0.0,4,1.407
2025-07-18,27.965,62.143,0.0,0.0,4,1.419
2025-07-21,27.682,61.515,0.0,0.0,4,1.422
2025-07-22,26.88,59.734,0.0,0.0,4,1.392
2025-07-23,26.174,58.165,0.0,0.0,4,1.416
2025-07-24,25.687,57.082,0.0,0.0,4,1.412
2025-07-25,24.992,55.538,0.0,0.0,4,1.409
2025-07-28,25.107,55.792,0.0,0.0,4,1.421
2025-07-29,25.555,56.788,0.0,0.0,4,1.438
2025-07-30,25.948,57.661,0.0,0.0,4,1.46
2025-07-31,27.059,60.13,0.0,0.0,4,1.479
2025-08-01,26.542,58.982,0.0,0.0,4,1.421
2025-08-04,26.586,59.079,0.0,0.0,4,1.443
2025-08-05,26.539,58.975,0.0,0.0,4,1.444
2025-08-06,25.799,57.331,0.0,0.0,4,1.427
2025-08-07,25.883,57.517,0.0,0.0,4,1.439
2025-08-08,26.54,58.977,0.0,0.0,4,1.484
2025-08-11,27.778,61.728,0.0,0.0,4,1.497
2025-08-12,28.342,62.982,0.0,0.0,4,1.539
2025-08-13,28.217,62.704,0.0,0.0,4,1.546
2025-08-14,26.688,59.307,0.0,0.0,4,1.544
2025-08-15,26.164,58.143,0.0,0.0,4,1.494
2025-08-18,25.644,56.987,0.0,0.0,4,1.496
2025-08-19,24.96,55.466,0.0,0.0,4,1.479
2025-08-20,24.0,53.332,0.0,0.0,4,1.459
2025-08-21,23.597,52.438,0.0,0.0,4,1.448
2025-08-22,24.548,54.551,0.0,0.0,4,1.477
2025-08-25,24.973,55.495,0.0,0.0,4,1.496
2025-08-26,24.062,53.47,0.0,0.0,4,1.499
2025-08-27,24.095,53.544,0.0,0.0,4,1.512
2025-08-28,23.538,52.307,0.0,0.0,4,1.549
2025-08-29,22.291,49.536,0.0,0.0,4,1.546
2025-09-01,20.778,46.174,0.0,0.0,4,1.485
2025-09-02,20.574,45.72,0.0,0.0,4,1.493
2025-09-03,21.187,47.083,0.0,0.0,4,1.526
2025-09-04,22.719,50.487,0.0,0.0,4,1.615
2025-09-05,24.224,53.83,0.0,0.0,4,1.677
2025-09-08,24.229,53.842,0.0,0.0,4,1.699
2025-09-09,25.342,56.316,0.0,0.0,4,1.734
2025-09-10,26.892,59.761,0.0,0.0,4,1.789
2025-09-11,28.523,63.384,0.0,0.0,5,1.878
2025-09-12,30.448,67.663,0.0,0.0,5,1.945
2025-09-15,30.055,66.789,0.0,0.0,5,1.992
2025-09-16,31.006,68.903,0.0,0.0,5,2.039
2025-09-17,30.501,67.779,0.0,0.0,5,2.021
2025-09-18,31.04,68.978,0.0,0.0,5,2.117
2025-09-19,30.621,68.046,0.0,0.0,5,2.118
2025-09-22,31.593,70.207,0.0,0.0,5,2.166
2025-09-23,32.006,71.125,0.0,0.0,5,2.196
2025-09-24,32.658,72.574,0.0,0.0,5,2.154
2025-09-25,32.903,73.119,0.0,0.0,5,2.109
2025-09-26,33.194,73.764,0.0,0.0,5,2.085
2025-09-29,40.168,75.928,20.0,0.0,5,2.231
2025-09-30,40.183,75.962,20.0,0.0,5,2.244
2025-10-01,47.452,78.781,40.0,0.0,5,2.386
2025-10-02,62.706,80.457,80.0,10.0,5,2.469
2025-10-03,65.185,80.411,80.0,20.0,5,2.516
2025-10-06,67.543,80.096,80.0,30.0,5,2.444
2025-10-07,69.981,79.958,80.0,40.0,5,2.385
2025-10-08,68.267,79.482,66.667,50.0,3,2.512
2025-10-09,70.14,78.089,66.667,60.0,3,2.469
2025-10-10,70.769,78.377,60.0,70.0,5,2.446
2025-10-13,73.542,78.982,60.0,80.0,5,2.544
2025-10-14,67.408,78.685,40.0,80.0,5,2.464
2025-10-15,76.691,80.424,60.0,90.0,5,2.606
2025-10-16,83.217,81.594,80.0,90.0,5,2.71
2025-10-17,83.165,81.477,80.0,90.0,5,2.712
2025-10-20,83.016,81.147,80.0,90.0,5,2.758
2025-10-21,76.751,80.558,60.0,90.0,5,2.74
2025-10-22,67.723,79.385,40.0,80.0,5,2.726
2025-10-23,74.149,80.332,60.0,80.0,5,2.832
2025-10-24,80.992,82.205,80.0,80.0,5,2.998
2025-10-27,65.593,80.207,40.0,70.0,5,3.005
2025-10-28,65.303,79.562,40.0,70.0,5,2.968
2025-10-29,78.568,82.374,80.0,70.0,5,3.205
2025-10-30,71.98,81.067,60.0,70.0,5,3.19
2025-10-31,71.681,80.401,60.0,70.0,5,3.268
2025-11-03,72.344,81.875,60.0,70.0,5,3.452
2025-11-04,72.108,81.351,60.0,70.0,5,3.259
2025-11-05,74.962,82.138,60.0,80.0,5,3.391
2025-11-06,74.961,82.136,60.0,80.0,5,3.387
2025-11-07,81.58,83.511,80.0,80.0,5,3.463
2025-11-10,90.905,85.345,100.0,90.0,5,3.688
2025-11-11,86.943,84.317,80.0,100.0,5,3.682
2025-11-12,86.721,83.825,80.0,100.0,5,3.703
2025-11-13,85.93,82.067,80.0,100.0,5,3.527
2025-11-14,79.646,81.436,60.0,100.0,5,3.492
2025-11-17,86.155,82.568,80.0,100.0,5,3.613
2025-11-18,79.404,80.897,60.0,100.0,5,3.41
2025-11-19,70.594,80.209,40.0,90.0,5,3.391
2025-11-20,66.602,76.893,40.0,80.0,5,3.159
2025-11-21,56.913,74.251,20.0,70.0,5,3.095
2025-11-24,50.07,77.933,0.0,60.0,5,3.291
2025-11-25,53.761,78.358,20.0,50.0,5,3.31
2025-11-26,51.349,78.553,20.0,40.0,5,3.35
2025-11-27,48.995,78.877,20.0,30.0,5,3.425
2025-11-28,40.082,77.959,0.0,20.0,5,3.457
2025-12-01,37.293,77.317,0.0,10.0,5,3.441
2025-12-02,34.214,76.03,0.0,0.0,5,3.451
2025-12-03,32.998,73.33,0.0,0.0,5,3.38
2025-12-04,32.848,72.996,0.0,0.0,5,3.439
2025-12-05,33.759,75.02,0.0,0.0,5,3.578
2025-12-08,34.07,75.71,0.0,0.0,5,3.652
2025-12-09,32.825,72.945,0.0,0.0,5,3.626
2025-12-10,33.72,74.933,0.0,0.0,5,3.78
2025-12-11,33.384,74.187,0.0,0.0,5,3.782
2025-12-12,31.266,69.48,0.0,0.0,5,3.596
2025-12-15,30.068,66.818,0.0,0.0,5,3.504
2025-12-16,29.035,64.523,0.0,0.0,5,3.482
2025-12-17,28.462,63.25,0.0,0.0,5,3.482
2025-12-18,29.752,66.115,0.0,0.0,5,3.631
2025-12-19,29.631,65.846,0.0,0.0,5,3.752
2025-12-22,30.057,66.793,0.0,0.0,5,3.85
2025-12-23,29.421,65.379,0.0,0.0,5,3.88
2025-12-24,29.37,65.267,0.0,0.0,5,3.934
2025-12-26,29.705,66.012,0.0,0.0,5,3.994
2025-12-29,30.163,67.03,0.0,0.0,5,4.066
2025-12-30,29.993,66.651,0.0,0.0,5,4.048
2025-12-31,29.695,65.989,0.0,0.0,5,3.97
2026-01-02,45.022,73.383,40.0,0.0,5,4.34
2026-01-05,39.063,73.474,20.0,0.0,5,4.417
2026-01-06,56.401,79.779,60.0,10.0,5,4.94
2026-01-07,50.052,79.004,40.0,10.0,5,4.889
2026-01-08,49.26,77.244,40.0,10.0,5,4.744
2026-01-09,50.161,79.247,40.0,10.0,5,4.969
2026-01-12,58.638,79.195,60.0,20.0,5,5.066
2026-01-13,51.731,77.179,40.0,20.0,5,5.029
2026-01-14,51.675,77.056,40.0,20.0,5,5.04
2026-01-15,51.77,77.267,40.0,20.0,5,5.174
2026-01-16,60.317,77.372,60.0,30.0,5,5.309
2026-01-19,62.761,77.248,60.0,40.0,5,5.344
2026-01-20,63.03,77.845,60.0,40.0,5,5.401
2026-01-21,66.054,79.009,60.0,50.0,5,5.706
2026-01-22,68.494,78.875,60.0,60.0,5,5.787
2026-01-23,70.864,78.586,60.0,70.0,5,5.709
2026-01-26,70.622,78.048,60.0,70.0,5,5.647
2026-01-27,74.156,80.347,60.0,80.0,5,5.942
2026-01-28,77.617,82.483,60.0,90.0,5,6.339
2026-01-29,80.158,82.572,60.0,100.0,5,6.379
2026-01-30,85.775,81.722,80.0,100.0,5,6.346
2026-02-02,79.417,80.927,60.0,100.0,5,6.523
2026-02-03,92.166,82.592,100.0,100.0,5,6.894
2026-02-04,70.085,79.077,40.0,90.0,5,6.446
2026-02-05,60.935,77.633,20.0,80.0,5,6.237
2026-02-06,64.167,77.039,40.0,70.0,5,6.42
2026-02-09,61.684,77.075,40.0,60.0,5,6.505
2026-02-10,52.49,75.532,20.0,50.0,5,6.25
2026-02-11,57.088,77.974,40.0,40.0,5,6.552
2026-02-12,55.07,79.044,40.0,30.0,5,6.808
2026-02-13,52.277,78.393,40.0,20.0,5,6.788
2026-02-17,49.615,78.032,40.0,10.0,5,6.613
2026-02-18,47.435,78.746,40.0,0.0,5,6.863
2026-02-19,47.331,78.512,40.0,0.0,5,6.932
2026-02-20,55.99,78.866,60.0,10.0,5,7.123
2026-02-23,43.367,77.482,20.0,10.0,5,7.134
2026-02-24,48.869,76.377,40.0,10.0,5,7.147
2026-02-25,49.199,77.108,40.0,10.0,5,7.322
2026-02-26,48.484,75.52,40.0,10.0,5,7.498
2026-02-27,41.917,74.259,20.0,10.0,5,7.373
2026-03-02,41.428,73.172,20.0,10.0,5,7.227
2026-03-03,33.855,69.679,0.0,10.0,5,6.573
2026-03-04,33.328,68.507,0.0,10.0,5,6.5
2026-03-05,32.508,66.685,0.0,10.0,5,6.692
2026-03-06,29.158,64.795,0.0,0.0,5,6.392
2026-03-09,28.826,64.059,0.0,0.0,5,6.472
2026-03-10,30.364,67.476,0.0,0.0,5,6.87
2026-03-11,30.54,67.867,0.0,0.0,5,7.058
2026-03-12,29.386,65.302,0.0,0.0,5,6.842
2026-03-13,29.974,66.608,0.0,0.0,5,7.003
2026-03-16,31.283,69.519,0.0,0.0,5,7.354
2026-03-17,32.271,71.714,0.0,0.0,5,7.631
2026-03-18,32.044,71.208,0.0,0.0,5,7.909
2026-03-19,31.479,69.953,0.0,0.0,5,7.825
2026-03-20,30.404,67.564,0.0,0.0,5,7.488
2026-03-23,29.181,64.846,0.0,0.0,5,7.207
2026-03-24,29.402,65.339,0.0,0.0,5,7.314
2026-03-25,28.902,64.227,0.0,0.0,5,7.197
2026-03-26,26.973,59.94,0.0,0.0,5,6.67
2026-03-27,27.031,60.068,0.0,0.0,5,6.696
2026-03-30,25.57,56.823,0.0,0.0,5,6.257
2026-03-31,24.207,53.794,0.0,0.0,5,6.391
2026-04-01,28.281,62.846,0.0,0.0,5,7.056
2026-04-02,26.588,59.084,0.0,0.0,5,6.872
2026-04-03,27.069,60.152,0.0,0.0,5,7.213
2026-04-06,27.567,61.26,0.0,0.0,5,7.421
2026-04-07,28.154,62.564,0.0,0.0,5,7.506
2026-04-08,31.249,69.443,0.0,0.0,5,8.198
2026-04-09,31.112,69.138,0.0,0.0,5,8.295
2026-04-10,31.252,69.448,0.0,0.0,5,8.384
2026-04-13,31.488,69.974,0.0,0.0,5,8.619
2026-04-14,32.723,72.718,0.0,0.0,5,8.993
2026-04-15,32.28,71.733,0.0,0.0,5,8.943
2026-04-16,32.392,71.981,0.0,0.0,5,9.072
2026-04-17,32.125,71.388,0.0,0.0,5,9.066
2026-04-20,31.772,70.605,0.0,0.0,5,9.08
2026-04-21,32.037,71.193,0.0,0.0,5,9.24
2026-04-22,32.669,72.598,0.0,0.0,5,9.563
2026-04-23,32.394,71.987,0.0,0.0,5,9.583
2026-04-24,31.138,69.196,0.0,0.0,5,9.717
2026-04-27,31.683,70.406,0.0,0.0,5,10.124
2026-04-28,29.944,66.541,0.0,0.0,5,9.858
2026-04-29,30.107,66.905,0.0,0.0,5,10.17
2026-04-30,28.477,63.283,0.0,0.0,5,10.273
2026-05-01,29.196,64.881,0.0,0.0,5,10.698
2026-05-04,31.097,69.104,0.0,0.0,5,11.395
2026-05-05,32.137,71.416,0.0,0.0,5,12.467
2026-05-06,32.907,73.127,0.0,0.0,5,13.297
2026-05-07,33.402,74.226,0.0,0.0,5,13.122
2026-05-08,39.733,74.962,20.0,0.0,5,14.077
2026-05-11,40.557,76.794,20.0,0.0,5,14.946
2026-05-12,46.56,76.8,40.0,0.0,5,14.356
2026-05-13,46.819,77.376,40.0,0.0,5,14.789
2026-05-14,54.973,76.607,60.0,10.0,5,14.642
2026-05-15,48.732,76.071,40.0,10.0,5,13.982
2026-05-18,48.176,74.835,40.0,10.0,5,13.672
2026-05-19,47.956,74.346,40.0,10.0,5,13.633
2026-05-20,48.114,74.699,40.0,10.0,5,13.809
2026-05-21,58.356,78.57,60.0,20.0,5,14.924
2026-05-22,60.534,77.854,60.0,30.0,5,14.676
2026-05-26,64.3,80.666,60.0,40.0,5,15.94
2026-05-27,66.649,80.33,60.0,50.0,5,16.475
2026-05-28,69.278,80.618,60.0,60.0,5,16.555
2026-05-29,69.688,81.53,60.0,60.0,5,17.09
2026-06-01,72.774,82.83,60.0,70.0,5,17.937
2026-06-02,75.244,82.764,60.0,80.0,5,18.169
2026-06-03,83.703,82.672,80.0,90.0,5,18.997
2026-06-04,79.599,81.33,60.0,100.0,5,18.24
2026-06-05,78.603,79.119,60.0,100.0,5,16.341
2026-06-08,77.836,77.413,60.0,100.0,5,16.35
2026-06-09,77.854,77.454,60.0,100.0,5,17.07
2026-06-10,76.486,74.414,60.0,100.0,5,16.256
2026-06-11,77.564,76.808,60.0,100.0,5,17.413
2026-06-12,78.27,78.377,60.0,100.0,5,18.122
2026-06-15,85.713,81.584,80.0,100.0,5,19.727
2026-06-16,85.118,80.262,80.0,100.0,5,19.665
2026-06-17,85.414,80.921,80.0,100.0,5,20.135
2026-06-18,86.408,83.129,80.0,100.0,5,21.591
2026-06-19,86.351,83.003,80.0,100.0,5,21.656
2026-06-22,86.34,82.978,80.0,100.0,5,22.285
2026-06-23,85.504,81.121,80.0,100.0,5,19.61
2026-06-24,85.244,80.543,80.0,100.0,5,19.766
2026-06-25,86.956,84.346,80.0,100.0,5,22.176
2026-06-26,79.681,81.514,60.0,100.0,5,20.225
2026-06-29,85.42,80.934,80.0,100.0,5,20.38
2026-06-30,85.493,81.095,80.0,100.0,5,20.946
2026-07-01,69.293,77.317,40.0,90.0,5,19.407
2026-07-02,57.941,70.98,20.0,80.0,5,17.343
2026-07-03,62.362,73.027,40.0,70.0,5,18.999
2026-07-06,53.821,72.936,20.0,60.0,5,19.281
2026-07-07,42.633,66.963,0.0,50.0,5,18.016
2026-07-08,39.446,65.436,0.0,40.0,5,16.941
